[
{
  "model": "auth.user",
  "fields": {
    "password": "pbkdf2_sha256$1000000$GqO52Uo2fJljtnLxxxVWMG$RxjjX+3wEsQ3A0O1bTM/9YE5TU69AmkXbuR8aq9qZr8=",
    "last_login": "2025-10-20T21:28:41.151Z",
    "is_superuser": true,
    "username": "simples",
    "first_name": "Paulo",
    "last_name": "Marcelino",
    "email": "paulo@simplesinternet.net.br",
    "is_staff": true,
    "is_active": true,
    "date_joined": "2025-10-19T00:03:44Z",
    "groups": [],
    "user_permissions": []
  }
},
{
  "model": "auth.user",
  "fields": {
    "password": "pbkdf2_sha256$1000000$nWrReErj5TB2sflyQEvep0$5rZghWbc5cko8jYSYvjhXm5On3VR++Dl8gnpXLWXYbc=",
    "last_login": "2025-10-20T22:21:04.650Z",
    "is_superuser": true,
    "username": "perf_tester",
    "first_name": "",
    "last_name": "",
    "email": "perf@example.com",
    "is_staff": true,
    "is_active": true,
    "date_joined": "2025-10-20T22:19:38.865Z",
    "groups": [],
    "user_permissions": []
  }
},
{
  "model": "zabbix_api.site",
  "pk": 27,
  "fields": {
    "name": "Huawei - Switch Santana IDC",
    "city": "Santana do Araguaia - PA",
    "latitude": "-9.338906",
    "longitude": "-50.340484",
    "description": ""
  }
},
{
  "model": "zabbix_api.site",
  "pk": 28,
  "fields": {
    "name": "Huawei - Switch Santana Marajo",
    "city": "Santana do Araguaia",
    "latitude": "-9.341126",
    "longitude": "-50.321592",
    "description": ""
  }
},
{
  "model": "zabbix_api.site",
  "pk": 29,
  "fields": {
    "name": "Huawei - Switch Vila Rica",
    "city": "Vila Rica",
    "latitude": "-10.018390",
    "longitude": "-51.120865",
    "description": ""
  }
},
{
  "model": "zabbix_api.site",
  "pk": 30,
  "fields": {
    "name": "Huawei - Switch Furacao",
    "city": "Santana do Araguaia - PA",
    "latitude": "-9.492512",
    "longitude": "-50.448123",
    "description": ""
  }
},
{
  "model": "zabbix_api.site",
  "pk": 31,
  "fields": {
    "name": "Huawei - Switch Elagro",
    "city": "Vila Rica",
    "latitude": "-9.971354",
    "longitude": "-50.562836",
    "description": ""
  }
},
{
  "model": "zabbix_api.device",
  "pk": 27,
  "fields": {
    "site": 27,
    "device_icon": "",
    "name": "Huawei - Switch Santana IDC",
    "vendor": "",
    "model": "",
    "zabbix_hostid": "10665",
    "uptime_item_key": "",
    "cpu_usage_item_key": ""
  }
},
{
  "model": "zabbix_api.device",
  "pk": 28,
  "fields": {
    "site": 28,
    "device_icon": "",
    "name": "Huawei - Switch Santana Marajo",
    "vendor": "",
    "model": "",
    "zabbix_hostid": "10658",
    "uptime_item_key": "",
    "cpu_usage_item_key": ""
  }
},
{
  "model": "zabbix_api.device",
  "pk": 29,
  "fields": {
    "site": 29,
    "device_icon": "",
    "name": "Huawei - Switch Vila Rica",
    "vendor": "",
    "model": "",
    "zabbix_hostid": "10664",
    "uptime_item_key": "",
    "cpu_usage_item_key": ""
  }
},
{
  "model": "zabbix_api.device",
  "pk": 30,
  "fields": {
    "site": 30,
    "device_icon": "",
    "name": "Huawei - Switch Furacao",
    "vendor": "",
    "model": "",
    "zabbix_hostid": "10660",
    "uptime_item_key": "",
    "cpu_usage_item_key": ""
  }
},
{
  "model": "zabbix_api.device",
  "pk": 31,
  "fields": {
    "site": 31,
    "device_icon": "",
    "name": "Huawei - Switch Elagro",
    "vendor": "",
    "model": "",
    "zabbix_hostid": "10723",
    "uptime_item_key": "",
    "cpu_usage_item_key": ""
  }
},
{
  "model": "zabbix_api.port",
  "pk": 824,
  "fields": {
    "device": 27,
    "name": "XGigabitEthernet0/0/45",
    "zabbix_item_key": "ifOperStatus[XGigabitEthernet0/0/45]",
    "zabbix_item_id_trafego_in": "85971",
    "zabbix_item_id_trafego_out": "86013",
    "zabbix_interfaceid": "38",
    "zabbix_itemid": "86139",
    "rx_power_item_key": "hwEntityOpticalLaneRxPower[67472206]",
    "tx_power_item_key": "hwEntityOpticalLaneTxPower[67472206]",
    "notes": "Status Operacional da Porta XGigabitEthernet0/0/45 - TO-FURACAO"
  }
},
{
  "model": "zabbix_api.port",
  "pk": 825,
  "fields": {
    "device": 27,
    "name": "XGigabitEthernet0/0/2",
    "zabbix_item_key": "ifOperStatus[XGigabitEthernet0/0/2]",
    "zabbix_item_id_trafego_in": "85935",
    "zabbix_item_id_trafego_out": "85977",
    "zabbix_interfaceid": "38",
    "zabbix_itemid": "86103",
    "rx_power_item_key": "",
    "tx_power_item_key": "",
    "notes": "Status Operacional da Porta XGigabitEthernet0/0/2 -"
  }
},
{
  "model": "zabbix_api.port",
  "pk": 826,
  "fields": {
    "device": 27,
    "name": "XGigabitEthernet0/0/9",
    "zabbix_item_key": "ifOperStatus[XGigabitEthernet0/0/9]",
    "zabbix_item_id_trafego_in": "85936",
    "zabbix_item_id_trafego_out": "85978",
    "zabbix_interfaceid": "38",
    "zabbix_itemid": "86104",
    "rx_power_item_key": "hwEntityOpticalLaneRxPower[67469902]",
    "tx_power_item_key": "hwEntityOpticalLaneTxPower[67469902]",
    "notes": "Status Operacional da Porta XGigabitEthernet0/0/9 - CCR-RURAL"
  }
},
{
  "model": "zabbix_api.port",
  "pk": 827,
  "fields": {
    "device": 27,
    "name": "XGigabitEthernet0/0/10",
    "zabbix_item_key": "ifOperStatus[XGigabitEthernet0/0/10]",
    "zabbix_item_id_trafego_in": "85937",
    "zabbix_item_id_trafego_out": "85979",
    "zabbix_interfaceid": "38",
    "zabbix_itemid": "86105",
    "rx_power_item_key": "",
    "tx_power_item_key": "",
    "notes": "Status Operacional da Porta XGigabitEthernet0/0/10 - ROUTER-WRT"
  }
},
{
  "model": "zabbix_api.port",
  "pk": 828,
  "fields": {
    "device": 27,
    "name": "XGigabitEthernet0/0/11",
    "zabbix_item_key": "ifOperStatus[XGigabitEthernet0/0/11]",
    "zabbix_item_id_trafego_in": "85938",
    "zabbix_item_id_trafego_out": "85980",
    "zabbix_interfaceid": "38",
    "zabbix_itemid": "86106",
    "rx_power_item_key": "hwEntityOpticalLaneRxPower[67470030]",
    "tx_power_item_key": "hwEntityOpticalLaneTxPower[67470030]",
    "notes": "Status Operacional da Porta XGigabitEthernet0/0/11 - atendimento-diversos-2"
  }
},
{
  "model": "zabbix_api.port",
  "pk": 829,
  "fields": {
    "device": 27,
    "name": "XGigabitEthernet0/0/12",
    "zabbix_item_key": "ifOperStatus[XGigabitEthernet0/0/12]",
    "zabbix_item_id_trafego_in": "85939",
    "zabbix_item_id_trafego_out": "85981",
    "zabbix_interfaceid": "38",
    "zabbix_itemid": "86107",
    "rx_power_item_key": "hwEntityOpticalLaneRxPower[67470094]",
    "tx_power_item_key": "hwEntityOpticalLaneTxPower[67470094]",
    "notes": "Status Operacional da Porta XGigabitEthernet0/0/12 - Sicredi"
  }
},
{
  "model": "zabbix_api.port",
  "pk": 830,
  "fields": {
    "device": 27,
    "name": "XGigabitEthernet0/0/13",
    "zabbix_item_key": "ifOperStatus[XGigabitEthernet0/0/13]",
    "zabbix_item_id_trafego_in": "85940",
    "zabbix_item_id_trafego_out": "85982",
    "zabbix_interfaceid": "38",
    "zabbix_itemid": "86108",
    "rx_power_item_key": "",
    "tx_power_item_key": "",
    "notes": "Status Operacional da Porta XGigabitEthernet0/0/13 - TO-CCR-IDC"
  }
},
{
  "model": "zabbix_api.port",
  "pk": 831,
  "fields": {
    "device": 27,
    "name": "XGigabitEthernet0/0/14",
    "zabbix_item_key": "ifOperStatus[XGigabitEthernet0/0/14]",
    "zabbix_item_id_trafego_in": "85941",
    "zabbix_item_id_trafego_out": "85983",
    "zabbix_interfaceid": "38",
    "zabbix_itemid": "86109",
    "rx_power_item_key": "hwEntityOpticalLaneRxPower[67470222]",
    "tx_power_item_key": "hwEntityOpticalLaneTxPower[67470222]",
    "notes": "Status Operacional da Porta XGigabitEthernet0/0/14 - VMWARE-2-NOVO"
  }
},
{
  "model": "zabbix_api.port",
  "pk": 832,
  "fields": {
    "device": 27,
    "name": "XGigabitEthernet0/0/15",
    "zabbix_item_key": "ifOperStatus[XGigabitEthernet0/0/15]",
    "zabbix_item_id_trafego_in": "85942",
    "zabbix_item_id_trafego_out": "85984",
    "zabbix_interfaceid": "38",
    "zabbix_itemid": "86110",
    "rx_power_item_key": "hwEntityOpticalLaneRxPower[67470286]",
    "tx_power_item_key": "hwEntityOpticalLaneTxPower[67470286]",
    "notes": "Status Operacional da Porta XGigabitEthernet0/0/15 - OLE-TV"
  }
},
{
  "model": "zabbix_api.port",
  "pk": 833,
  "fields": {
    "device": 27,
    "name": "XGigabitEthernet0/0/17",
    "zabbix_item_key": "ifOperStatus[XGigabitEthernet0/0/17]",
    "zabbix_item_id_trafego_in": "85943",
    "zabbix_item_id_trafego_out": "85985",
    "zabbix_interfaceid": "38",
    "zabbix_itemid": "86111",
    "rx_power_item_key": "hwEntityOpticalLaneRxPower[67470414]",
    "tx_power_item_key": "hwEntityOpticalLaneTxPower[67470414]",
    "notes": "Status Operacional da Porta XGigabitEthernet0/0/17 - VMWARE-OLETV"
  }
},
{
  "model": "zabbix_api.port",
  "pk": 834,
  "fields": {
    "device": 27,
    "name": "XGigabitEthernet0/0/18",
    "zabbix_item_key": "ifOperStatus[XGigabitEthernet0/0/18]",
    "zabbix_item_id_trafego_in": "85944",
    "zabbix_item_id_trafego_out": "85986",
    "zabbix_interfaceid": "38",
    "zabbix_itemid": "86112",
    "rx_power_item_key": "",
    "tx_power_item_key": "",
    "notes": "Status Operacional da Porta XGigabitEthernet0/0/18 -"
  }
},
{
  "model": "zabbix_api.port",
  "pk": 835,
  "fields": {
    "device": 27,
    "name": "XGigabitEthernet0/0/19",
    "zabbix_item_key": "ifOperStatus[XGigabitEthernet0/0/19]",
    "zabbix_item_id_trafego_in": "85945",
    "zabbix_item_id_trafego_out": "85987",
    "zabbix_interfaceid": "38",
    "zabbix_itemid": "86113",
    "rx_power_item_key": "",
    "tx_power_item_key": "",
    "notes": "Status Operacional da Porta XGigabitEthernet0/0/19 -"
  }
},
{
  "model": "zabbix_api.port",
  "pk": 836,
  "fields": {
    "device": 27,
    "name": "XGigabitEthernet0/0/20",
    "zabbix_item_key": "ifOperStatus[XGigabitEthernet0/0/20]",
    "zabbix_item_id_trafego_in": "85946",
    "zabbix_item_id_trafego_out": "85988",
    "zabbix_interfaceid": "38",
    "zabbix_itemid": "86114",
    "rx_power_item_key": "",
    "tx_power_item_key": "",
    "notes": "Status Operacional da Porta XGigabitEthernet0/0/20 -"
  }
},
{
  "model": "zabbix_api.port",
  "pk": 837,
  "fields": {
    "device": 27,
    "name": "XGigabitEthernet0/0/21",
    "zabbix_item_key": "ifOperStatus[XGigabitEthernet0/0/21]",
    "zabbix_item_id_trafego_in": "85947",
    "zabbix_item_id_trafego_out": "85989",
    "zabbix_interfaceid": "38",
    "zabbix_itemid": "86115",
    "rx_power_item_key": "",
    "tx_power_item_key": "",
    "notes": "Status Operacional da Porta XGigabitEthernet0/0/21 -"
  }
},
{
  "model": "zabbix_api.port",
  "pk": 838,
  "fields": {
    "device": 27,
    "name": "XGigabitEthernet0/0/22",
    "zabbix_item_key": "ifOperStatus[XGigabitEthernet0/0/22]",
    "zabbix_item_id_trafego_in": "85948",
    "zabbix_item_id_trafego_out": "85990",
    "zabbix_interfaceid": "38",
    "zabbix_itemid": "86116",
    "rx_power_item_key": "",
    "tx_power_item_key": "",
    "notes": "Status Operacional da Porta XGigabitEthernet0/0/22 -"
  }
},
{
  "model": "zabbix_api.port",
  "pk": 839,
  "fields": {
    "device": 27,
    "name": "XGigabitEthernet0/0/23",
    "zabbix_item_key": "ifOperStatus[XGigabitEthernet0/0/23]",
    "zabbix_item_id_trafego_in": "85949",
    "zabbix_item_id_trafego_out": "85991",
    "zabbix_interfaceid": "38",
    "zabbix_itemid": "86117",
    "rx_power_item_key": "",
    "tx_power_item_key": "",
    "notes": "Status Operacional da Porta XGigabitEthernet0/0/23 -"
  }
},
{
  "model": "zabbix_api.port",
  "pk": 840,
  "fields": {
    "device": 27,
    "name": "XGigabitEthernet0/0/24",
    "zabbix_item_key": "ifOperStatus[XGigabitEthernet0/0/24]",
    "zabbix_item_id_trafego_in": "85950",
    "zabbix_item_id_trafego_out": "85992",
    "zabbix_interfaceid": "38",
    "zabbix_itemid": "86118",
    "rx_power_item_key": "",
    "tx_power_item_key": "",
    "notes": "Status Operacional da Porta XGigabitEthernet0/0/24 -"
  }
},
{
  "model": "zabbix_api.port",
  "pk": 841,
  "fields": {
    "device": 27,
    "name": "XGigabitEthernet0/0/25",
    "zabbix_item_key": "ifOperStatus[XGigabitEthernet0/0/25]",
    "zabbix_item_id_trafego_in": "85951",
    "zabbix_item_id_trafego_out": "85993",
    "zabbix_interfaceid": "38",
    "zabbix_itemid": "86119",
    "rx_power_item_key": "",
    "tx_power_item_key": "",
    "notes": "Status Operacional da Porta XGigabitEthernet0/0/25 -"
  }
},
{
  "model": "zabbix_api.port",
  "pk": 842,
  "fields": {
    "device": 27,
    "name": "XGigabitEthernet0/0/26",
    "zabbix_item_key": "ifOperStatus[XGigabitEthernet0/0/26]",
    "zabbix_item_id_trafego_in": "85952",
    "zabbix_item_id_trafego_out": "85994",
    "zabbix_interfaceid": "38",
    "zabbix_itemid": "86120",
    "rx_power_item_key": "",
    "tx_power_item_key": "",
    "notes": "Status Operacional da Porta XGigabitEthernet0/0/26 -"
  }
},
{
  "model": "zabbix_api.port",
  "pk": 843,
  "fields": {
    "device": 27,
    "name": "XGigabitEthernet0/0/27",
    "zabbix_item_key": "ifOperStatus[XGigabitEthernet0/0/27]",
    "zabbix_item_id_trafego_in": "85953",
    "zabbix_item_id_trafego_out": "85995",
    "zabbix_interfaceid": "38",
    "zabbix_itemid": "86121",
    "rx_power_item_key": "",
    "tx_power_item_key": "",
    "notes": "Status Operacional da Porta XGigabitEthernet0/0/27 -"
  }
},
{
  "model": "zabbix_api.port",
  "pk": 844,
  "fields": {
    "device": 27,
    "name": "XGigabitEthernet0/0/28",
    "zabbix_item_key": "ifOperStatus[XGigabitEthernet0/0/28]",
    "zabbix_item_id_trafego_in": "85954",
    "zabbix_item_id_trafego_out": "85996",
    "zabbix_interfaceid": "38",
    "zabbix_itemid": "86122",
    "rx_power_item_key": "",
    "tx_power_item_key": "",
    "notes": "Status Operacional da Porta XGigabitEthernet0/0/28 -"
  }
},
{
  "model": "zabbix_api.port",
  "pk": 845,
  "fields": {
    "device": 27,
    "name": "XGigabitEthernet0/0/29",
    "zabbix_item_key": "ifOperStatus[XGigabitEthernet0/0/29]",
    "zabbix_item_id_trafego_in": "85955",
    "zabbix_item_id_trafego_out": "85997",
    "zabbix_interfaceid": "38",
    "zabbix_itemid": "86123",
    "rx_power_item_key": "",
    "tx_power_item_key": "",
    "notes": "Status Operacional da Porta XGigabitEthernet0/0/29 -"
  }
},
{
  "model": "zabbix_api.port",
  "pk": 846,
  "fields": {
    "device": 27,
    "name": "XGigabitEthernet0/0/30",
    "zabbix_item_key": "ifOperStatus[XGigabitEthernet0/0/30]",
    "zabbix_item_id_trafego_in": "85956",
    "zabbix_item_id_trafego_out": "85998",
    "zabbix_interfaceid": "38",
    "zabbix_itemid": "86124",
    "rx_power_item_key": "",
    "tx_power_item_key": "",
    "notes": "Status Operacional da Porta XGigabitEthernet0/0/30 -"
  }
},
{
  "model": "zabbix_api.port",
  "pk": 847,
  "fields": {
    "device": 27,
    "name": "XGigabitEthernet0/0/31",
    "zabbix_item_key": "ifOperStatus[XGigabitEthernet0/0/31]",
    "zabbix_item_id_trafego_in": "85957",
    "zabbix_item_id_trafego_out": "85999",
    "zabbix_interfaceid": "38",
    "zabbix_itemid": "86125",
    "rx_power_item_key": "",
    "tx_power_item_key": "",
    "notes": "Status Operacional da Porta XGigabitEthernet0/0/31 -"
  }
},
{
  "model": "zabbix_api.port",
  "pk": 848,
  "fields": {
    "device": 27,
    "name": "XGigabitEthernet0/0/32",
    "zabbix_item_key": "ifOperStatus[XGigabitEthernet0/0/32]",
    "zabbix_item_id_trafego_in": "85958",
    "zabbix_item_id_trafego_out": "86000",
    "zabbix_interfaceid": "38",
    "zabbix_itemid": "86126",
    "rx_power_item_key": "",
    "tx_power_item_key": "",
    "notes": "Status Operacional da Porta XGigabitEthernet0/0/32 -"
  }
},
{
  "model": "zabbix_api.port",
  "pk": 849,
  "fields": {
    "device": 27,
    "name": "XGigabitEthernet0/0/33",
    "zabbix_item_key": "ifOperStatus[XGigabitEthernet0/0/33]",
    "zabbix_item_id_trafego_in": "85959",
    "zabbix_item_id_trafego_out": "86001",
    "zabbix_interfaceid": "38",
    "zabbix_itemid": "86127",
    "rx_power_item_key": "",
    "tx_power_item_key": "",
    "notes": "Status Operacional da Porta XGigabitEthernet0/0/33 -"
  }
},
{
  "model": "zabbix_api.port",
  "pk": 850,
  "fields": {
    "device": 27,
    "name": "XGigabitEthernet0/0/34",
    "zabbix_item_key": "ifOperStatus[XGigabitEthernet0/0/34]",
    "zabbix_item_id_trafego_in": "85960",
    "zabbix_item_id_trafego_out": "86002",
    "zabbix_interfaceid": "38",
    "zabbix_itemid": "86128",
    "rx_power_item_key": "",
    "tx_power_item_key": "",
    "notes": "Status Operacional da Porta XGigabitEthernet0/0/34 -"
  }
},
{
  "model": "zabbix_api.port",
  "pk": 851,
  "fields": {
    "device": 27,
    "name": "XGigabitEthernet0/0/35",
    "zabbix_item_key": "ifOperStatus[XGigabitEthernet0/0/35]",
    "zabbix_item_id_trafego_in": "85961",
    "zabbix_item_id_trafego_out": "86003",
    "zabbix_interfaceid": "38",
    "zabbix_itemid": "86129",
    "rx_power_item_key": "",
    "tx_power_item_key": "",
    "notes": "Status Operacional da Porta XGigabitEthernet0/0/35 -"
  }
},
{
  "model": "zabbix_api.port",
  "pk": 852,
  "fields": {
    "device": 27,
    "name": "XGigabitEthernet0/0/36",
    "zabbix_item_key": "ifOperStatus[XGigabitEthernet0/0/36]",
    "zabbix_item_id_trafego_in": "85962",
    "zabbix_item_id_trafego_out": "86004",
    "zabbix_interfaceid": "38",
    "zabbix_itemid": "86130",
    "rx_power_item_key": "",
    "tx_power_item_key": "",
    "notes": "Status Operacional da Porta XGigabitEthernet0/0/36 -"
  }
},
{
  "model": "zabbix_api.port",
  "pk": 853,
  "fields": {
    "device": 27,
    "name": "XGigabitEthernet0/0/37",
    "zabbix_item_key": "ifOperStatus[XGigabitEthernet0/0/37]",
    "zabbix_item_id_trafego_in": "85963",
    "zabbix_item_id_trafego_out": "86005",
    "zabbix_interfaceid": "38",
    "zabbix_itemid": "86131",
    "rx_power_item_key": "",
    "tx_power_item_key": "",
    "notes": "Status Operacional da Porta XGigabitEthernet0/0/37 -"
  }
},
{
  "model": "zabbix_api.port",
  "pk": 854,
  "fields": {
    "device": 27,
    "name": "XGigabitEthernet0/0/38",
    "zabbix_item_key": "ifOperStatus[XGigabitEthernet0/0/38]",
    "zabbix_item_id_trafego_in": "85964",
    "zabbix_item_id_trafego_out": "86006",
    "zabbix_interfaceid": "38",
    "zabbix_itemid": "86132",
    "rx_power_item_key": "",
    "tx_power_item_key": "",
    "notes": "Status Operacional da Porta XGigabitEthernet0/0/38 -"
  }
},
{
  "model": "zabbix_api.port",
  "pk": 855,
  "fields": {
    "device": 27,
    "name": "XGigabitEthernet0/0/39",
    "zabbix_item_key": "ifOperStatus[XGigabitEthernet0/0/39]",
    "zabbix_item_id_trafego_in": "85965",
    "zabbix_item_id_trafego_out": "86007",
    "zabbix_interfaceid": "38",
    "zabbix_itemid": "86133",
    "rx_power_item_key": "",
    "tx_power_item_key": "",
    "notes": "Status Operacional da Porta XGigabitEthernet0/0/39 -"
  }
},
{
  "model": "zabbix_api.port",
  "pk": 856,
  "fields": {
    "device": 27,
    "name": "XGigabitEthernet0/0/40",
    "zabbix_item_key": "ifOperStatus[XGigabitEthernet0/0/40]",
    "zabbix_item_id_trafego_in": "85966",
    "zabbix_item_id_trafego_out": "86008",
    "zabbix_interfaceid": "38",
    "zabbix_itemid": "86134",
    "rx_power_item_key": "",
    "tx_power_item_key": "",
    "notes": "Status Operacional da Porta XGigabitEthernet0/0/40 -"
  }
},
{
  "model": "zabbix_api.port",
  "pk": 857,
  "fields": {
    "device": 27,
    "name": "XGigabitEthernet0/0/41",
    "zabbix_item_key": "ifOperStatus[XGigabitEthernet0/0/41]",
    "zabbix_item_id_trafego_in": "85967",
    "zabbix_item_id_trafego_out": "86009",
    "zabbix_interfaceid": "38",
    "zabbix_itemid": "86135",
    "rx_power_item_key": "",
    "tx_power_item_key": "",
    "notes": "Status Operacional da Porta XGigabitEthernet0/0/41 -"
  }
},
{
  "model": "zabbix_api.port",
  "pk": 858,
  "fields": {
    "device": 27,
    "name": "XGigabitEthernet0/0/42",
    "zabbix_item_key": "ifOperStatus[XGigabitEthernet0/0/42]",
    "zabbix_item_id_trafego_in": "85968",
    "zabbix_item_id_trafego_out": "86010",
    "zabbix_interfaceid": "38",
    "zabbix_itemid": "86136",
    "rx_power_item_key": "",
    "tx_power_item_key": "",
    "notes": "Status Operacional da Porta XGigabitEthernet0/0/42 -"
  }
},
{
  "model": "zabbix_api.port",
  "pk": 859,
  "fields": {
    "device": 27,
    "name": "XGigabitEthernet0/0/43",
    "zabbix_item_key": "ifOperStatus[XGigabitEthernet0/0/43]",
    "zabbix_item_id_trafego_in": "85969",
    "zabbix_item_id_trafego_out": "86011",
    "zabbix_interfaceid": "38",
    "zabbix_itemid": "86137",
    "rx_power_item_key": "",
    "tx_power_item_key": "",
    "notes": "Status Operacional da Porta XGigabitEthernet0/0/43 -"
  }
},
{
  "model": "zabbix_api.port",
  "pk": 860,
  "fields": {
    "device": 27,
    "name": "XGigabitEthernet0/0/44",
    "zabbix_item_key": "ifOperStatus[XGigabitEthernet0/0/44]",
    "zabbix_item_id_trafego_in": "85970",
    "zabbix_item_id_trafego_out": "86012",
    "zabbix_interfaceid": "38",
    "zabbix_itemid": "86138",
    "rx_power_item_key": "",
    "tx_power_item_key": "",
    "notes": "Status Operacional da Porta XGigabitEthernet0/0/44 -"
  }
},
{
  "model": "zabbix_api.port",
  "pk": 861,
  "fields": {
    "device": 27,
    "name": "40GE0/0/2",
    "zabbix_item_key": "ifOperStatus[40GE0/0/2]",
    "zabbix_item_id_trafego_in": "85972",
    "zabbix_item_id_trafego_out": "86014",
    "zabbix_interfaceid": "38",
    "zabbix_itemid": "86140",
    "rx_power_item_key": "",
    "tx_power_item_key": "",
    "notes": "Status Operacional da Porta 40GE0/0/2 -"
  }
},
{
  "model": "zabbix_api.port",
  "pk": 862,
  "fields": {
    "device": 27,
    "name": "40GE0/0/3",
    "zabbix_item_key": "ifOperStatus[40GE0/0/3]",
    "zabbix_item_id_trafego_in": "85973",
    "zabbix_item_id_trafego_out": "86015",
    "zabbix_interfaceid": "38",
    "zabbix_itemid": "86141",
    "rx_power_item_key": "",
    "tx_power_item_key": "",
    "notes": "Status Operacional da Porta 40GE0/0/3 -"
  }
},
{
  "model": "zabbix_api.port",
  "pk": 863,
  "fields": {
    "device": 27,
    "name": "40GE0/0/4",
    "zabbix_item_key": "ifOperStatus[40GE0/0/4]",
    "zabbix_item_id_trafego_in": "85974",
    "zabbix_item_id_trafego_out": "86016",
    "zabbix_interfaceid": "38",
    "zabbix_itemid": "86142",
    "rx_power_item_key": "",
    "tx_power_item_key": "",
    "notes": "Status Operacional da Porta 40GE0/0/4 -"
  }
},
{
  "model": "zabbix_api.port",
  "pk": 864,
  "fields": {
    "device": 27,
    "name": "40GE0/0/5",
    "zabbix_item_key": "ifOperStatus[40GE0/0/5]",
    "zabbix_item_id_trafego_in": "85975",
    "zabbix_item_id_trafego_out": "86017",
    "zabbix_interfaceid": "38",
    "zabbix_itemid": "86143",
    "rx_power_item_key": "",
    "tx_power_item_key": "",
    "notes": "Status Operacional da Porta 40GE0/0/5 -"
  }
},
{
  "model": "zabbix_api.port",
  "pk": 865,
  "fields": {
    "device": 27,
    "name": "40GE0/0/6",
    "zabbix_item_key": "ifOperStatus[40GE0/0/6]",
    "zabbix_item_id_trafego_in": "85976",
    "zabbix_item_id_trafego_out": "86018",
    "zabbix_interfaceid": "38",
    "zabbix_itemid": "86144",
    "rx_power_item_key": "",
    "tx_power_item_key": "",
    "notes": "Status Operacional da Porta 40GE0/0/6 -"
  }
},
{
  "model": "zabbix_api.port",
  "pk": 866,
  "fields": {
    "device": 27,
    "name": "MEth0/0/1",
    "zabbix_item_key": "ifOperStatus[MEth0/0/1]",
    "zabbix_item_id_trafego_in": "76706",
    "zabbix_item_id_trafego_out": "76719",
    "zabbix_interfaceid": "38",
    "zabbix_itemid": "76758",
    "rx_power_item_key": "",
    "tx_power_item_key": "",
    "notes": "Status Operacional da Porta MEth0/0/1 -"
  }
},
{
  "model": "zabbix_api.port",
  "pk": 867,
  "fields": {
    "device": 27,
    "name": "XGigabitEthernet0/0/1",
    "zabbix_item_key": "ifOperStatus[XGigabitEthernet0/0/1]",
    "zabbix_item_id_trafego_in": "76707",
    "zabbix_item_id_trafego_out": "76720",
    "zabbix_interfaceid": "38",
    "zabbix_itemid": "76759",
    "rx_power_item_key": "hwEntityOpticalLaneRxPower[67469390]",
    "tx_power_item_key": "hwEntityOpticalLaneTxPower[67469390]",
    "notes": "Status Operacional da Porta XGigabitEthernet0/0/1 - cli_pedro_software"
  }
},
{
  "model": "zabbix_api.port",
  "pk": 868,
  "fields": {
    "device": 27,
    "name": "XGigabitEthernet0/0/3",
    "zabbix_item_key": "ifOperStatus[XGigabitEthernet0/0/3]",
    "zabbix_item_id_trafego_in": "76708",
    "zabbix_item_id_trafego_out": "76721",
    "zabbix_interfaceid": "38",
    "zabbix_itemid": "76760",
    "rx_power_item_key": "",
    "tx_power_item_key": "",
    "notes": "Status Operacional da Porta XGigabitEthernet0/0/3 - LACP-Hillstone"
  }
},
{
  "model": "zabbix_api.port",
  "pk": 869,
  "fields": {
    "device": 27,
    "name": "XGigabitEthernet0/0/4",
    "zabbix_item_key": "ifOperStatus[XGigabitEthernet0/0/4]",
    "zabbix_item_id_trafego_in": "76709",
    "zabbix_item_id_trafego_out": "76722",
    "zabbix_interfaceid": "38",
    "zabbix_itemid": "76761",
    "rx_power_item_key": "",
    "tx_power_item_key": "",
    "notes": "Status Operacional da Porta XGigabitEthernet0/0/4 - LACP-Hillstone"
  }
},
{
  "model": "zabbix_api.port",
  "pk": 870,
  "fields": {
    "device": 27,
    "name": "XGigabitEthernet0/0/5",
    "zabbix_item_key": "ifOperStatus[XGigabitEthernet0/0/5]",
    "zabbix_item_id_trafego_in": "76710",
    "zabbix_item_id_trafego_out": "76723",
    "zabbix_interfaceid": "38",
    "zabbix_itemid": "76762",
    "rx_power_item_key": "hwEntityOpticalLaneRxPower[67469646]",
    "tx_power_item_key": "hwEntityOpticalLaneTxPower[67469646]",
    "notes": "Status Operacional da Porta XGigabitEthernet0/0/5 - to-cristo-rei-rota-br-158"
  }
},
{
  "model": "zabbix_api.port",
  "pk": 871,
  "fields": {
    "device": 27,
    "name": "XGigabitEthernet0/0/6",
    "zabbix_item_key": "ifOperStatus[XGigabitEthernet0/0/6]",
    "zabbix_item_id_trafego_in": "76711",
    "zabbix_item_id_trafego_out": "76724",
    "zabbix_interfaceid": "38",
    "zabbix_itemid": "76763",
    "rx_power_item_key": "hwEntityOpticalLaneRxPower[67469710]",
    "tx_power_item_key": "hwEntityOpticalLaneTxPower[67469710]",
    "notes": "Status Operacional da Porta XGigabitEthernet0/0/6 - to-cristo-rei-rota-gleba-caju"
  }
},
{
  "model": "zabbix_api.port",
  "pk": 872,
  "fields": {
    "device": 27,
    "name": "XGigabitEthernet0/0/7",
    "zabbix_item_key": "ifOperStatus[XGigabitEthernet0/0/7]",
    "zabbix_item_id_trafego_in": "76712",
    "zabbix_item_id_trafego_out": "76725",
    "zabbix_interfaceid": "38",
    "zabbix_itemid": "76764",
    "rx_power_item_key": "hwEntityOpticalLaneRxPower[67469774]",
    "tx_power_item_key": "hwEntityOpticalLaneTxPower[67469774]",
    "notes": "Status Operacional da Porta XGigabitEthernet0/0/7 - toleto-isp"
  }
},
{
  "model": "zabbix_api.port",
  "pk": 873,
  "fields": {
    "device": 27,
    "name": "XGigabitEthernet0/0/8",
    "zabbix_item_key": "ifOperStatus[XGigabitEthernet0/0/8]",
    "zabbix_item_id_trafego_in": "76713",
    "zabbix_item_id_trafego_out": "76726",
    "zabbix_interfaceid": "38",
    "zabbix_itemid": "76765",
    "rx_power_item_key": "hwEntityOpticalLaneRxPower[67469838]",
    "tx_power_item_key": "hwEntityOpticalLaneTxPower[67469838]",
    "notes": "Status Operacional da Porta XGigabitEthernet0/0/8 - Escritorio"
  }
},
{
  "model": "zabbix_api.port",
  "pk": 874,
  "fields": {
    "device": 27,
    "name": "XGigabitEthernet0/0/16",
    "zabbix_item_key": "ifOperStatus[XGigabitEthernet0/0/16]",
    "zabbix_item_id_trafego_in": "76714",
    "zabbix_item_id_trafego_out": "76727",
    "zabbix_interfaceid": "38",
    "zabbix_itemid": "76766",
    "rx_power_item_key": "hwEntityOpticalLaneRxPower[67470350]",
    "tx_power_item_key": "hwEntityOpticalLaneTxPower[67470350]",
    "notes": "Status Operacional da Porta XGigabitEthernet0/0/16 - to-sw-ubnt-sicob"
  }
},
{
  "model": "zabbix_api.port",
  "pk": 875,
  "fields": {
    "device": 27,
    "name": "XGigabitEthernet0/0/46",
    "zabbix_item_key": "ifOperStatus[XGigabitEthernet0/0/46]",
    "zabbix_item_id_trafego_in": "76715",
    "zabbix_item_id_trafego_out": "76728",
    "zabbix_interfaceid": "38",
    "zabbix_itemid": "76767",
    "rx_power_item_key": "hwEntityOpticalLaneRxPower[67472270]",
    "tx_power_item_key": "hwEntityOpticalLaneTxPower[67472270]",
    "notes": "Status Operacional da Porta XGigabitEthernet0/0/46 - TO-MARAJO-1"
  }
},
{
  "model": "zabbix_api.port",
  "pk": 876,
  "fields": {
    "device": 27,
    "name": "XGigabitEthernet0/0/47",
    "zabbix_item_key": "ifOperStatus[XGigabitEthernet0/0/47]",
    "zabbix_item_id_trafego_in": "76716",
    "zabbix_item_id_trafego_out": "76729",
    "zabbix_interfaceid": "38",
    "zabbix_itemid": "76768",
    "rx_power_item_key": "hwEntityOpticalLaneRxPower[67472334]",
    "tx_power_item_key": "hwEntityOpticalLaneTxPower[67472334]",
    "notes": "Status Operacional da Porta XGigabitEthernet0/0/47 - TO-MARAJO-2"
  }
},
{
  "model": "zabbix_api.port",
  "pk": 877,
  "fields": {
    "device": 27,
    "name": "XGigabitEthernet0/0/48",
    "zabbix_item_key": "ifOperStatus[XGigabitEthernet0/0/48]",
    "zabbix_item_id_trafego_in": "76717",
    "zabbix_item_id_trafego_out": "76730",
    "zabbix_interfaceid": "38",
    "zabbix_itemid": "76769",
    "rx_power_item_key": "hwEntityOpticalLaneRxPower[67472398]",
    "tx_power_item_key": "hwEntityOpticalLaneTxPower[67472398]",
    "notes": "Status Operacional da Porta XGigabitEthernet0/0/48 - TO-MARAJO-3"
  }
},
{
  "model": "zabbix_api.port",
  "pk": 878,
  "fields": {
    "device": 27,
    "name": "40GE0/0/1",
    "zabbix_item_key": "ifOperStatus[40GE0/0/1]",
    "zabbix_item_id_trafego_in": "76718",
    "zabbix_item_id_trafego_out": "76731",
    "zabbix_interfaceid": "38",
    "zabbix_itemid": "76770",
    "rx_power_item_key": "",
    "tx_power_item_key": "",
    "notes": "Status Operacional da Porta 40GE0/0/1 - TO-F1A"
  }
},
{
  "model": "zabbix_api.port",
  "pk": 879,
  "fields": {
    "device": 27,
    "name": "Vlanif3801",
    "zabbix_item_key": "ifOperStatusLog[Vlanif3801]",
    "zabbix_item_id_trafego_in": "94562",
    "zabbix_item_id_trafego_out": "94563",
    "zabbix_interfaceid": "38",
    "zabbix_itemid": "94564",
    "rx_power_item_key": "",
    "tx_power_item_key": "",
    "notes": "Status Operacional da Interface Vlanif3801 - TO::FURACAO"
  }
},
{
  "model": "zabbix_api.port",
  "pk": 880,
  "fields": {
    "device": 27,
    "name": "Vlanif3808",
    "zabbix_item_key": "ifOperStatusLog[Vlanif3808]",
    "zabbix_item_id_trafego_in": "76673",
    "zabbix_item_id_trafego_out": "76678",
    "zabbix_interfaceid": "38",
    "zabbix_itemid": "76683",
    "rx_power_item_key": "",
    "tx_power_item_key": "",
    "notes": "Status Operacional da Interface Vlanif3808 - TO-F1A"
  }
},
{
  "model": "zabbix_api.port",
  "pk": 881,
  "fields": {
    "device": 27,
    "name": "Eth-Trunk1",
    "zabbix_item_key": "ifOperStatusLog[Eth-Trunk1]",
    "zabbix_item_id_trafego_in": "76674",
    "zabbix_item_id_trafego_out": "76679",
    "zabbix_interfaceid": "38",
    "zabbix_itemid": "76684",
    "rx_power_item_key": "",
    "tx_power_item_key": "",
    "notes": "Status Operacional da Interface Eth-Trunk1 - LACP-NAT-Hillstone"
  }
},
{
  "model": "zabbix_api.port",
  "pk": 882,
  "fields": {
    "device": 27,
    "name": "Vlanif3809",
    "zabbix_item_key": "ifOperStatusLog[Vlanif3809]",
    "zabbix_item_id_trafego_in": "76675",
    "zabbix_item_id_trafego_out": "76680",
    "zabbix_interfaceid": "38",
    "zabbix_itemid": "76685",
    "rx_power_item_key": "",
    "tx_power_item_key": "",
    "notes": "Status Operacional da Interface Vlanif3809 - to-cristo-rei-rota-br-158"
  }
},
{
  "model": "zabbix_api.port",
  "pk": 883,
  "fields": {
    "device": 27,
    "name": "Eth-Trunk0",
    "zabbix_item_key": "ifOperStatusLog[Eth-Trunk0]",
    "zabbix_item_id_trafego_in": "76677",
    "zabbix_item_id_trafego_out": "76682",
    "zabbix_interfaceid": "38",
    "zabbix_itemid": "76687",
    "rx_power_item_key": "",
    "tx_power_item_key": "",
    "notes": "Status Operacional da Interface Eth-Trunk0 - LACP-MARAJO"
  }
},
{
  "model": "zabbix_api.port",
  "pk": 884,
  "fields": {
    "device": 27,
    "name": "Vlanif3810",
    "zabbix_item_key": "ifOperStatusLog[Vlanif3810]",
    "zabbix_item_id_trafego_in": "76676",
    "zabbix_item_id_trafego_out": "76681",
    "zabbix_interfaceid": "38",
    "zabbix_itemid": "76686",
    "rx_power_item_key": "",
    "tx_power_item_key": "",
    "notes": "Status Operacional da Interface Vlanif3810 - to-cristo-rei-rota-gleba-caju"
  }
},
{
  "model": "zabbix_api.port",
  "pk": 885,
  "fields": {
    "device": 28,
    "name": "XGigabitEthernet0/0/2",
    "zabbix_item_key": "ifOperStatus[XGigabitEthernet0/0/2]",
    "zabbix_item_id_trafego_in": "76084",
    "zabbix_item_id_trafego_out": "76090",
    "zabbix_interfaceid": "31",
    "zabbix_itemid": "76108",
    "rx_power_item_key": "hwEntityOpticalLaneRxPower[67469454]",
    "tx_power_item_key": "hwEntityOpticalLaneTxPower[67469454]",
    "notes": "Status Operacional da Porta XGigabitEthernet0/0/2 - IDC-SIMPLES-TRZABV"
  }
},
{
  "model": "zabbix_api.port",
  "pk": 886,
  "fields": {
    "device": 28,
    "name": "XGigabitEthernet0/0/3",
    "zabbix_item_key": "ifOperStatus[XGigabitEthernet0/0/3]",
    "zabbix_item_id_trafego_in": "76085",
    "zabbix_item_id_trafego_out": "76091",
    "zabbix_interfaceid": "31",
    "zabbix_itemid": "76109",
    "rx_power_item_key": "hwEntityOpticalLaneRxPower[67469518]",
    "tx_power_item_key": "hwEntityOpticalLaneTxPower[67469518]",
    "notes": "Status Operacional da Porta XGigabitEthernet0/0/3 - to-sta-lag"
  }
},
{
  "model": "zabbix_api.port",
  "pk": 887,
  "fields": {
    "device": 28,
    "name": "XGigabitEthernet0/0/5",
    "zabbix_item_key": "ifOperStatus[XGigabitEthernet0/0/5]",
    "zabbix_item_id_trafego_in": "76086",
    "zabbix_item_id_trafego_out": "76092",
    "zabbix_interfaceid": "31",
    "zabbix_itemid": "76110",
    "rx_power_item_key": "hwEntityOpticalLaneRxPower[67469646]",
    "tx_power_item_key": "hwEntityOpticalLaneTxPower[67469646]",
    "notes": "Status Operacional da Porta XGigabitEthernet0/0/5 - NOVA-BARREIRA"
  }
},
{
  "model": "zabbix_api.port",
  "pk": 888,
  "fields": {
    "device": 28,
    "name": "XGigabitEthernet0/0/6",
    "zabbix_item_key": "ifOperStatus[XGigabitEthernet0/0/6]",
    "zabbix_item_id_trafego_in": "76087",
    "zabbix_item_id_trafego_out": "76093",
    "zabbix_interfaceid": "31",
    "zabbix_itemid": "76111",
    "rx_power_item_key": "hwEntityOpticalLaneRxPower[67469710]",
    "tx_power_item_key": "hwEntityOpticalLaneTxPower[67469710]",
    "notes": "Status Operacional da Porta XGigabitEthernet0/0/6 - ROTA-CARAJAS"
  }
},
{
  "model": "zabbix_api.port",
  "pk": 889,
  "fields": {
    "device": 28,
    "name": "XGigabitEthernet0/0/11",
    "zabbix_item_key": "ifOperStatus[XGigabitEthernet0/0/11]",
    "zabbix_item_id_trafego_in": "76088",
    "zabbix_item_id_trafego_out": "76094",
    "zabbix_interfaceid": "31",
    "zabbix_itemid": "76112",
    "rx_power_item_key": "hwEntityOpticalLaneRxPower[67470030]",
    "tx_power_item_key": "hwEntityOpticalLaneTxPower[67470030]",
    "notes": "Status Operacional da Porta XGigabitEthernet0/0/11 - TO:TMK:TRANSITO:2"
  }
},
{
  "model": "zabbix_api.port",
  "pk": 890,
  "fields": {
    "device": 28,
    "name": "Eth-Trunk1",
    "zabbix_item_key": "ifOperStatusLog[Eth-Trunk1]",
    "zabbix_item_id_trafego_in": "76142",
    "zabbix_item_id_trafego_out": "76147",
    "zabbix_interfaceid": "31",
    "zabbix_itemid": "76152",
    "rx_power_item_key": "",
    "tx_power_item_key": "",
    "notes": "Status Operacional da Interface Eth-Trunk1 - LAG 1"
  }
},
{
  "model": "zabbix_api.port",
  "pk": 891,
  "fields": {
    "device": 28,
    "name": "Vlanif13",
    "zabbix_item_key": "ifOperStatusLog[Vlanif13]",
    "zabbix_item_id_trafego_in": "76143",
    "zabbix_item_id_trafego_out": "76148",
    "zabbix_interfaceid": "31",
    "zabbix_itemid": "76153",
    "rx_power_item_key": "",
    "tx_power_item_key": "",
    "notes": "Status Operacional da Interface Vlanif13 -"
  }
},
{
  "model": "zabbix_api.port",
  "pk": 892,
  "fields": {
    "device": 28,
    "name": "Vlanif3800",
    "zabbix_item_key": "ifOperStatusLog[Vlanif3800]",
    "zabbix_item_id_trafego_in": "76144",
    "zabbix_item_id_trafego_out": "76149",
    "zabbix_interfaceid": "31",
    "zabbix_itemid": "76154",
    "rx_power_item_key": "",
    "tx_power_item_key": "",
    "notes": "Status Operacional da Interface Vlanif3800 - TO::NOC"
  }
},
{
  "model": "zabbix_api.port",
  "pk": 893,
  "fields": {
    "device": 28,
    "name": "Vlanif3815",
    "zabbix_item_key": "ifOperStatusLog[Vlanif3815]",
    "zabbix_item_id_trafego_in": "76145",
    "zabbix_item_id_trafego_out": "76150",
    "zabbix_interfaceid": "31",
    "zabbix_itemid": "76155",
    "rx_power_item_key": "",
    "tx_power_item_key": "",
    "notes": "Status Operacional da Interface Vlanif3815 - TO-SW-CDT"
  }
},
{
  "model": "zabbix_api.port",
  "pk": 894,
  "fields": {
    "device": 28,
    "name": "Vlanif3000",
    "zabbix_item_key": "ifOperStatusLog[Vlanif3000]",
    "zabbix_item_id_trafego_in": "76146",
    "zabbix_item_id_trafego_out": "76151",
    "zabbix_interfaceid": "31",
    "zabbix_itemid": "76156",
    "rx_power_item_key": "",
    "tx_power_item_key": "",
    "notes": "Status Operacional da Interface Vlanif3000 -"
  }
},
{
  "model": "zabbix_api.port",
  "pk": 895,
  "fields": {
    "device": 28,
    "name": "MEth0/0/1",
    "zabbix_item_key": "ifOperStatus[MEth0/0/1]",
    "zabbix_item_id_trafego_in": "83648",
    "zabbix_item_id_trafego_out": "83673",
    "zabbix_interfaceid": "31",
    "zabbix_itemid": "83748",
    "rx_power_item_key": "",
    "tx_power_item_key": "",
    "notes": "Status Operacional da Porta MEth0/0/1 -"
  }
},
{
  "model": "zabbix_api.port",
  "pk": 896,
  "fields": {
    "device": 28,
    "name": "XGigabitEthernet0/0/7",
    "zabbix_item_key": "ifOperStatus[XGigabitEthernet0/0/7]",
    "zabbix_item_id_trafego_in": "83650",
    "zabbix_item_id_trafego_out": "83675",
    "zabbix_interfaceid": "31",
    "zabbix_itemid": "83750",
    "rx_power_item_key": "",
    "tx_power_item_key": "",
    "notes": "Status Operacional da Porta XGigabitEthernet0/0/7 -"
  }
},
{
  "model": "zabbix_api.port",
  "pk": 897,
  "fields": {
    "device": 28,
    "name": "XGigabitEthernet0/0/8",
    "zabbix_item_key": "ifOperStatus[XGigabitEthernet0/0/8]",
    "zabbix_item_id_trafego_in": "83651",
    "zabbix_item_id_trafego_out": "83676",
    "zabbix_interfaceid": "31",
    "zabbix_itemid": "83751",
    "rx_power_item_key": "",
    "tx_power_item_key": "",
    "notes": "Status Operacional da Porta XGigabitEthernet0/0/8 -"
  }
},
{
  "model": "zabbix_api.port",
  "pk": 898,
  "fields": {
    "device": 28,
    "name": "XGigabitEthernet0/0/9",
    "zabbix_item_key": "ifOperStatus[XGigabitEthernet0/0/9]",
    "zabbix_item_id_trafego_in": "83652",
    "zabbix_item_id_trafego_out": "83677",
    "zabbix_interfaceid": "31",
    "zabbix_itemid": "83752",
    "rx_power_item_key": "",
    "tx_power_item_key": "",
    "notes": "Status Operacional da Porta XGigabitEthernet0/0/9 -"
  }
},
{
  "model": "zabbix_api.port",
  "pk": 899,
  "fields": {
    "device": 28,
    "name": "XGigabitEthernet0/0/10",
    "zabbix_item_key": "ifOperStatus[XGigabitEthernet0/0/10]",
    "zabbix_item_id_trafego_in": "83653",
    "zabbix_item_id_trafego_out": "83678",
    "zabbix_interfaceid": "31",
    "zabbix_itemid": "83753",
    "rx_power_item_key": "",
    "tx_power_item_key": "",
    "notes": "Status Operacional da Porta XGigabitEthernet0/0/10 -"
  }
},
{
  "model": "zabbix_api.port",
  "pk": 900,
  "fields": {
    "device": 28,
    "name": "XGigabitEthernet0/0/12",
    "zabbix_item_key": "ifOperStatus[XGigabitEthernet0/0/12]",
    "zabbix_item_id_trafego_in": "83654",
    "zabbix_item_id_trafego_out": "83679",
    "zabbix_interfaceid": "31",
    "zabbix_itemid": "83754",
    "rx_power_item_key": "",
    "tx_power_item_key": "",
    "notes": "Status Operacional da Porta XGigabitEthernet0/0/12 -"
  }
},
{
  "model": "zabbix_api.port",
  "pk": 901,
  "fields": {
    "device": 28,
    "name": "XGigabitEthernet0/0/13",
    "zabbix_item_key": "ifOperStatus[XGigabitEthernet0/0/13]",
    "zabbix_item_id_trafego_in": "83655",
    "zabbix_item_id_trafego_out": "83680",
    "zabbix_interfaceid": "31",
    "zabbix_itemid": "83755",
    "rx_power_item_key": "",
    "tx_power_item_key": "",
    "notes": "Status Operacional da Porta XGigabitEthernet0/0/13 -"
  }
},
{
  "model": "zabbix_api.port",
  "pk": 902,
  "fields": {
    "device": 28,
    "name": "XGigabitEthernet0/0/14",
    "zabbix_item_key": "ifOperStatus[XGigabitEthernet0/0/14]",
    "zabbix_item_id_trafego_in": "83656",
    "zabbix_item_id_trafego_out": "83681",
    "zabbix_interfaceid": "31",
    "zabbix_itemid": "83756",
    "rx_power_item_key": "",
    "tx_power_item_key": "",
    "notes": "Status Operacional da Porta XGigabitEthernet0/0/14 -"
  }
},
{
  "model": "zabbix_api.port",
  "pk": 903,
  "fields": {
    "device": 28,
    "name": "XGigabitEthernet0/0/15",
    "zabbix_item_key": "ifOperStatus[XGigabitEthernet0/0/15]",
    "zabbix_item_id_trafego_in": "83657",
    "zabbix_item_id_trafego_out": "83682",
    "zabbix_interfaceid": "31",
    "zabbix_itemid": "83757",
    "rx_power_item_key": "",
    "tx_power_item_key": "",
    "notes": "Status Operacional da Porta XGigabitEthernet0/0/15 -"
  }
},
{
  "model": "zabbix_api.port",
  "pk": 904,
  "fields": {
    "device": 28,
    "name": "XGigabitEthernet0/0/16",
    "zabbix_item_key": "ifOperStatus[XGigabitEthernet0/0/16]",
    "zabbix_item_id_trafego_in": "83658",
    "zabbix_item_id_trafego_out": "83683",
    "zabbix_interfaceid": "31",
    "zabbix_itemid": "83758",
    "rx_power_item_key": "",
    "tx_power_item_key": "",
    "notes": "Status Operacional da Porta XGigabitEthernet0/0/16 -"
  }
},
{
  "model": "zabbix_api.port",
  "pk": 905,
  "fields": {
    "device": 28,
    "name": "XGigabitEthernet0/0/17",
    "zabbix_item_key": "ifOperStatus[XGigabitEthernet0/0/17]",
    "zabbix_item_id_trafego_in": "83659",
    "zabbix_item_id_trafego_out": "83684",
    "zabbix_interfaceid": "31",
    "zabbix_itemid": "83759",
    "rx_power_item_key": "",
    "tx_power_item_key": "",
    "notes": "Status Operacional da Porta XGigabitEthernet0/0/17 -"
  }
},
{
  "model": "zabbix_api.port",
  "pk": 906,
  "fields": {
    "device": 28,
    "name": "XGigabitEthernet0/0/18",
    "zabbix_item_key": "ifOperStatus[XGigabitEthernet0/0/18]",
    "zabbix_item_id_trafego_in": "83660",
    "zabbix_item_id_trafego_out": "83685",
    "zabbix_interfaceid": "31",
    "zabbix_itemid": "83760",
    "rx_power_item_key": "",
    "tx_power_item_key": "",
    "notes": "Status Operacional da Porta XGigabitEthernet0/0/18 -"
  }
},
{
  "model": "zabbix_api.port",
  "pk": 907,
  "fields": {
    "device": 28,
    "name": "XGigabitEthernet0/0/19",
    "zabbix_item_key": "ifOperStatus[XGigabitEthernet0/0/19]",
    "zabbix_item_id_trafego_in": "83661",
    "zabbix_item_id_trafego_out": "83686",
    "zabbix_interfaceid": "31",
    "zabbix_itemid": "83761",
    "rx_power_item_key": "",
    "tx_power_item_key": "",
    "notes": "Status Operacional da Porta XGigabitEthernet0/0/19 -"
  }
},
{
  "model": "zabbix_api.port",
  "pk": 908,
  "fields": {
    "device": 28,
    "name": "XGigabitEthernet0/0/20",
    "zabbix_item_key": "ifOperStatus[XGigabitEthernet0/0/20]",
    "zabbix_item_id_trafego_in": "83662",
    "zabbix_item_id_trafego_out": "83687",
    "zabbix_interfaceid": "31",
    "zabbix_itemid": "83762",
    "rx_power_item_key": "",
    "tx_power_item_key": "",
    "notes": "Status Operacional da Porta XGigabitEthernet0/0/20 -"
  }
},
{
  "model": "zabbix_api.port",
  "pk": 909,
  "fields": {
    "device": 28,
    "name": "XGigabitEthernet0/0/21",
    "zabbix_item_key": "ifOperStatus[XGigabitEthernet0/0/21]",
    "zabbix_item_id_trafego_in": "83663",
    "zabbix_item_id_trafego_out": "83688",
    "zabbix_interfaceid": "31",
    "zabbix_itemid": "83763",
    "rx_power_item_key": "",
    "tx_power_item_key": "",
    "notes": "Status Operacional da Porta XGigabitEthernet0/0/21 -"
  }
},
{
  "model": "zabbix_api.port",
  "pk": 910,
  "fields": {
    "device": 28,
    "name": "XGigabitEthernet0/0/22",
    "zabbix_item_key": "ifOperStatus[XGigabitEthernet0/0/22]",
    "zabbix_item_id_trafego_in": "83664",
    "zabbix_item_id_trafego_out": "83689",
    "zabbix_interfaceid": "31",
    "zabbix_itemid": "83764",
    "rx_power_item_key": "",
    "tx_power_item_key": "",
    "notes": "Status Operacional da Porta XGigabitEthernet0/0/22 -"
  }
},
{
  "model": "zabbix_api.port",
  "pk": 911,
  "fields": {
    "device": 28,
    "name": "XGigabitEthernet0/0/23",
    "zabbix_item_key": "ifOperStatus[XGigabitEthernet0/0/23]",
    "zabbix_item_id_trafego_in": "83665",
    "zabbix_item_id_trafego_out": "83690",
    "zabbix_interfaceid": "31",
    "zabbix_itemid": "83765",
    "rx_power_item_key": "",
    "tx_power_item_key": "",
    "notes": "Status Operacional da Porta XGigabitEthernet0/0/23 -"
  }
},
{
  "model": "zabbix_api.port",
  "pk": 912,
  "fields": {
    "device": 28,
    "name": "XGigabitEthernet0/0/24",
    "zabbix_item_key": "ifOperStatus[XGigabitEthernet0/0/24]",
    "zabbix_item_id_trafego_in": "83666",
    "zabbix_item_id_trafego_out": "83691",
    "zabbix_interfaceid": "31",
    "zabbix_itemid": "83766",
    "rx_power_item_key": "",
    "tx_power_item_key": "",
    "notes": "Status Operacional da Porta XGigabitEthernet0/0/24 -"
  }
},
{
  "model": "zabbix_api.port",
  "pk": 913,
  "fields": {
    "device": 28,
    "name": "40GE0/0/1",
    "zabbix_item_key": "ifOperStatus[40GE0/0/1]",
    "zabbix_item_id_trafego_in": "83667",
    "zabbix_item_id_trafego_out": "83692",
    "zabbix_interfaceid": "31",
    "zabbix_itemid": "83767",
    "rx_power_item_key": "",
    "tx_power_item_key": "",
    "notes": "Status Operacional da Porta 40GE0/0/1 -"
  }
},
{
  "model": "zabbix_api.port",
  "pk": 914,
  "fields": {
    "device": 28,
    "name": "40GE0/0/2",
    "zabbix_item_key": "ifOperStatus[40GE0/0/2]",
    "zabbix_item_id_trafego_in": "83668",
    "zabbix_item_id_trafego_out": "83693",
    "zabbix_interfaceid": "31",
    "zabbix_itemid": "83768",
    "rx_power_item_key": "",
    "tx_power_item_key": "",
    "notes": "Status Operacional da Porta 40GE0/0/2 -"
  }
},
{
  "model": "zabbix_api.port",
  "pk": 915,
  "fields": {
    "device": 28,
    "name": "40GE0/0/3",
    "zabbix_item_key": "ifOperStatus[40GE0/0/3]",
    "zabbix_item_id_trafego_in": "83669",
    "zabbix_item_id_trafego_out": "83694",
    "zabbix_interfaceid": "31",
    "zabbix_itemid": "83769",
    "rx_power_item_key": "",
    "tx_power_item_key": "",
    "notes": "Status Operacional da Porta 40GE0/0/3 -"
  }
},
{
  "model": "zabbix_api.port",
  "pk": 916,
  "fields": {
    "device": 28,
    "name": "40GE0/0/4",
    "zabbix_item_key": "ifOperStatus[40GE0/0/4]",
    "zabbix_item_id_trafego_in": "83670",
    "zabbix_item_id_trafego_out": "83695",
    "zabbix_interfaceid": "31",
    "zabbix_itemid": "83770",
    "rx_power_item_key": "",
    "tx_power_item_key": "",
    "notes": "Status Operacional da Porta 40GE0/0/4 -"
  }
},
{
  "model": "zabbix_api.port",
  "pk": 917,
  "fields": {
    "device": 28,
    "name": "40GE0/0/5",
    "zabbix_item_key": "ifOperStatus[40GE0/0/5]",
    "zabbix_item_id_trafego_in": "83671",
    "zabbix_item_id_trafego_out": "83696",
    "zabbix_interfaceid": "31",
    "zabbix_itemid": "83771",
    "rx_power_item_key": "",
    "tx_power_item_key": "",
    "notes": "Status Operacional da Porta 40GE0/0/5 -"
  }
},
{
  "model": "zabbix_api.port",
  "pk": 918,
  "fields": {
    "device": 28,
    "name": "40GE0/0/6",
    "zabbix_item_key": "ifOperStatus[40GE0/0/6]",
    "zabbix_item_id_trafego_in": "83672",
    "zabbix_item_id_trafego_out": "83697",
    "zabbix_interfaceid": "31",
    "zabbix_itemid": "83772",
    "rx_power_item_key": "",
    "tx_power_item_key": "",
    "notes": "Status Operacional da Porta 40GE0/0/6 -"
  }
},
{
  "model": "zabbix_api.port",
  "pk": 919,
  "fields": {
    "device": 28,
    "name": "XGigabitEthernet0/0/1",
    "zabbix_item_key": "ifOperStatus[XGigabitEthernet0/0/1]",
    "zabbix_item_id_trafego_in": "76083",
    "zabbix_item_id_trafego_out": "76089",
    "zabbix_interfaceid": "31",
    "zabbix_itemid": "76107",
    "rx_power_item_key": "",
    "tx_power_item_key": "",
    "notes": "Status Operacional da Porta XGigabitEthernet0/0/1 - TO:TMK:TRANSPORTES"
  }
},
{
  "model": "zabbix_api.port",
  "pk": 920,
  "fields": {
    "device": 28,
    "name": "Vlanif11",
    "zabbix_item_key": "ifOperStatusLog[Vlanif11]",
    "zabbix_item_id_trafego_in": "146576",
    "zabbix_item_id_trafego_out": "146577",
    "zabbix_interfaceid": "31",
    "zabbix_itemid": "146578",
    "rx_power_item_key": "",
    "tx_power_item_key": "",
    "notes": "Status Operacional da Interface Vlanif11 -"
  }
},
{
  "model": "zabbix_api.port",
  "pk": 921,
  "fields": {
    "device": 28,
    "name": "Eth-Trunk2",
    "zabbix_item_key": "ifOperStatusLog[Eth-Trunk2]",
    "zabbix_item_id_trafego_in": "205281",
    "zabbix_item_id_trafego_out": "205282",
    "zabbix_interfaceid": "31",
    "zabbix_itemid": "205283",
    "rx_power_item_key": "",
    "tx_power_item_key": "",
    "notes": "Status Operacional da Interface Eth-Trunk2 - TO:TMK:TRANSITO"
  }
},
{
  "model": "zabbix_api.port",
  "pk": 922,
  "fields": {
    "device": 28,
    "name": "XGigabitEthernet0/0/4",
    "zabbix_item_key": "ifOperStatus[XGigabitEthernet0/0/4]",
    "zabbix_item_id_trafego_in": "83649",
    "zabbix_item_id_trafego_out": "83674",
    "zabbix_interfaceid": "31",
    "zabbix_itemid": "83749",
    "rx_power_item_key": "",
    "tx_power_item_key": "",
    "notes": "Status Operacional da Porta XGigabitEthernet0/0/4 - TO:TMK:TRANSITO:1"
  }
},
{
  "model": "zabbix_api.port",
  "pk": 923,
  "fields": {
    "device": 29,
    "name": "Vlanif3805",
    "zabbix_item_key": "ifOperStatusLog[Vlanif3805]",
    "zabbix_item_id_trafego_in": "77144",
    "zabbix_item_id_trafego_out": "77147",
    "zabbix_interfaceid": "37",
    "zabbix_itemid": "77150",
    "rx_power_item_key": "",
    "tx_power_item_key": "",
    "notes": "Status Operacional da Interface Vlanif3805 - TO::ELAGRO"
  }
},
{
  "model": "zabbix_api.port",
  "pk": 924,
  "fields": {
    "device": 29,
    "name": "Vlanif3812",
    "zabbix_item_key": "ifOperStatusLog[Vlanif3812]",
    "zabbix_item_id_trafego_in": "77145",
    "zabbix_item_id_trafego_out": "77148",
    "zabbix_interfaceid": "37",
    "zabbix_itemid": "77151",
    "rx_power_item_key": "",
    "tx_power_item_key": "",
    "notes": "Status Operacional da Interface Vlanif3812 - TO::MANDI"
  }
},
{
  "model": "zabbix_api.port",
  "pk": 925,
  "fields": {
    "device": 29,
    "name": "Vlanif3813",
    "zabbix_item_key": "ifOperStatusLog[Vlanif3813]",
    "zabbix_item_id_trafego_in": "77146",
    "zabbix_item_id_trafego_out": "77149",
    "zabbix_interfaceid": "37",
    "zabbix_itemid": "77152",
    "rx_power_item_key": "",
    "tx_power_item_key": "",
    "notes": "Status Operacional da Interface Vlanif3813 - TO:VERANOPOLIS"
  }
},
{
  "model": "zabbix_api.port",
  "pk": 926,
  "fields": {
    "device": 29,
    "name": "XGigabitEthernet0/0/1",
    "zabbix_item_key": "ifOperStatus[XGigabitEthernet0/0/1]",
    "zabbix_item_id_trafego_in": "77114",
    "zabbix_item_id_trafego_out": "77117",
    "zabbix_interfaceid": "37",
    "zabbix_itemid": "77126",
    "rx_power_item_key": "hwEntityOpticalLaneRxPower[67469390]",
    "tx_power_item_key": "hwEntityOpticalLaneTxPower[67469390]",
    "notes": "Status Operacional da Porta XGigabitEthernet0/0/1 - Enlace-Elagro"
  }
},
{
  "model": "zabbix_api.port",
  "pk": 927,
  "fields": {
    "device": 29,
    "name": "XGigabitEthernet0/0/3",
    "zabbix_item_key": "ifOperStatus[XGigabitEthernet0/0/3]",
    "zabbix_item_id_trafego_in": "77115",
    "zabbix_item_id_trafego_out": "77118",
    "zabbix_interfaceid": "37",
    "zabbix_itemid": "77127",
    "rx_power_item_key": "hwEntityOpticalLaneRxPower[67469518]",
    "tx_power_item_key": "hwEntityOpticalLaneTxPower[67469518]",
    "notes": "Status Operacional da Porta XGigabitEthernet0/0/3 - to-vila-mandi"
  }
},
{
  "model": "zabbix_api.port",
  "pk": 928,
  "fields": {
    "device": 29,
    "name": "XGigabitEthernet0/0/4",
    "zabbix_item_key": "ifOperStatus[XGigabitEthernet0/0/4]",
    "zabbix_item_id_trafego_in": "77116",
    "zabbix_item_id_trafego_out": "77119",
    "zabbix_interfaceid": "37",
    "zabbix_itemid": "77128",
    "rx_power_item_key": "hwEntityOpticalLaneRxPower[67469582]",
    "tx_power_item_key": "hwEntityOpticalLaneTxPower[67469582]",
    "notes": "Status Operacional da Porta XGigabitEthernet0/0/4 - to-veranopolis"
  }
},
{
  "model": "zabbix_api.port",
  "pk": 929,
  "fields": {
    "device": 29,
    "name": "MEth0/0/1",
    "zabbix_item_key": "ifOperStatus[MEth0/0/1]",
    "zabbix_item_id_trafego_in": "84441",
    "zabbix_item_id_trafego_out": "84469",
    "zabbix_interfaceid": "37",
    "zabbix_itemid": "84553",
    "rx_power_item_key": "",
    "tx_power_item_key": "",
    "notes": "Status Operacional da Porta MEth0/0/1 -"
  }
},
{
  "model": "zabbix_api.port",
  "pk": 930,
  "fields": {
    "device": 29,
    "name": "XGigabitEthernet0/0/2",
    "zabbix_item_key": "ifOperStatus[XGigabitEthernet0/0/2]",
    "zabbix_item_id_trafego_in": "84442",
    "zabbix_item_id_trafego_out": "84470",
    "zabbix_interfaceid": "37",
    "zabbix_itemid": "84554",
    "rx_power_item_key": "",
    "tx_power_item_key": "",
    "notes": "Status Operacional da Porta XGigabitEthernet0/0/2 -"
  }
},
{
  "model": "zabbix_api.port",
  "pk": 931,
  "fields": {
    "device": 29,
    "name": "XGigabitEthernet0/0/5",
    "zabbix_item_key": "ifOperStatus[XGigabitEthernet0/0/5]",
    "zabbix_item_id_trafego_in": "84443",
    "zabbix_item_id_trafego_out": "84471",
    "zabbix_interfaceid": "37",
    "zabbix_itemid": "84555",
    "rx_power_item_key": "",
    "tx_power_item_key": "",
    "notes": "Status Operacional da Porta XGigabitEthernet0/0/5 -"
  }
},
{
  "model": "zabbix_api.port",
  "pk": 932,
  "fields": {
    "device": 29,
    "name": "XGigabitEthernet0/0/6",
    "zabbix_item_key": "ifOperStatus[XGigabitEthernet0/0/6]",
    "zabbix_item_id_trafego_in": "84444",
    "zabbix_item_id_trafego_out": "84472",
    "zabbix_interfaceid": "37",
    "zabbix_itemid": "84556",
    "rx_power_item_key": "",
    "tx_power_item_key": "",
    "notes": "Status Operacional da Porta XGigabitEthernet0/0/6 -"
  }
},
{
  "model": "zabbix_api.port",
  "pk": 933,
  "fields": {
    "device": 29,
    "name": "XGigabitEthernet0/0/7",
    "zabbix_item_key": "ifOperStatus[XGigabitEthernet0/0/7]",
    "zabbix_item_id_trafego_in": "84445",
    "zabbix_item_id_trafego_out": "84473",
    "zabbix_interfaceid": "37",
    "zabbix_itemid": "84557",
    "rx_power_item_key": "",
    "tx_power_item_key": "",
    "notes": "Status Operacional da Porta XGigabitEthernet0/0/7 -"
  }
},
{
  "model": "zabbix_api.port",
  "pk": 934,
  "fields": {
    "device": 29,
    "name": "XGigabitEthernet0/0/8",
    "zabbix_item_key": "ifOperStatus[XGigabitEthernet0/0/8]",
    "zabbix_item_id_trafego_in": "84446",
    "zabbix_item_id_trafego_out": "84474",
    "zabbix_interfaceid": "37",
    "zabbix_itemid": "84558",
    "rx_power_item_key": "",
    "tx_power_item_key": "",
    "notes": "Status Operacional da Porta XGigabitEthernet0/0/8 -"
  }
},
{
  "model": "zabbix_api.port",
  "pk": 935,
  "fields": {
    "device": 29,
    "name": "XGigabitEthernet0/0/9",
    "zabbix_item_key": "ifOperStatus[XGigabitEthernet0/0/9]",
    "zabbix_item_id_trafego_in": "84447",
    "zabbix_item_id_trafego_out": "84475",
    "zabbix_interfaceid": "37",
    "zabbix_itemid": "84559",
    "rx_power_item_key": "",
    "tx_power_item_key": "",
    "notes": "Status Operacional da Porta XGigabitEthernet0/0/9 -"
  }
},
{
  "model": "zabbix_api.port",
  "pk": 936,
  "fields": {
    "device": 29,
    "name": "XGigabitEthernet0/0/10",
    "zabbix_item_key": "ifOperStatus[XGigabitEthernet0/0/10]",
    "zabbix_item_id_trafego_in": "84448",
    "zabbix_item_id_trafego_out": "84476",
    "zabbix_interfaceid": "37",
    "zabbix_itemid": "84560",
    "rx_power_item_key": "",
    "tx_power_item_key": "",
    "notes": "Status Operacional da Porta XGigabitEthernet0/0/10 -"
  }
},
{
  "model": "zabbix_api.port",
  "pk": 937,
  "fields": {
    "device": 29,
    "name": "XGigabitEthernet0/0/11",
    "zabbix_item_key": "ifOperStatus[XGigabitEthernet0/0/11]",
    "zabbix_item_id_trafego_in": "84449",
    "zabbix_item_id_trafego_out": "84477",
    "zabbix_interfaceid": "37",
    "zabbix_itemid": "84561",
    "rx_power_item_key": "",
    "tx_power_item_key": "",
    "notes": "Status Operacional da Porta XGigabitEthernet0/0/11 -"
  }
},
{
  "model": "zabbix_api.port",
  "pk": 938,
  "fields": {
    "device": 29,
    "name": "XGigabitEthernet0/0/12",
    "zabbix_item_key": "ifOperStatus[XGigabitEthernet0/0/12]",
    "zabbix_item_id_trafego_in": "84450",
    "zabbix_item_id_trafego_out": "84478",
    "zabbix_interfaceid": "37",
    "zabbix_itemid": "84562",
    "rx_power_item_key": "",
    "tx_power_item_key": "",
    "notes": "Status Operacional da Porta XGigabitEthernet0/0/12 -"
  }
},
{
  "model": "zabbix_api.port",
  "pk": 939,
  "fields": {
    "device": 29,
    "name": "XGigabitEthernet0/0/13",
    "zabbix_item_key": "ifOperStatus[XGigabitEthernet0/0/13]",
    "zabbix_item_id_trafego_in": "84451",
    "zabbix_item_id_trafego_out": "84479",
    "zabbix_interfaceid": "37",
    "zabbix_itemid": "84563",
    "rx_power_item_key": "",
    "tx_power_item_key": "",
    "notes": "Status Operacional da Porta XGigabitEthernet0/0/13 -"
  }
},
{
  "model": "zabbix_api.port",
  "pk": 940,
  "fields": {
    "device": 29,
    "name": "XGigabitEthernet0/0/14",
    "zabbix_item_key": "ifOperStatus[XGigabitEthernet0/0/14]",
    "zabbix_item_id_trafego_in": "84452",
    "zabbix_item_id_trafego_out": "84480",
    "zabbix_interfaceid": "37",
    "zabbix_itemid": "84564",
    "rx_power_item_key": "",
    "tx_power_item_key": "",
    "notes": "Status Operacional da Porta XGigabitEthernet0/0/14 -"
  }
},
{
  "model": "zabbix_api.port",
  "pk": 941,
  "fields": {
    "device": 29,
    "name": "XGigabitEthernet0/0/15",
    "zabbix_item_key": "ifOperStatus[XGigabitEthernet0/0/15]",
    "zabbix_item_id_trafego_in": "84453",
    "zabbix_item_id_trafego_out": "84481",
    "zabbix_interfaceid": "37",
    "zabbix_itemid": "84565",
    "rx_power_item_key": "",
    "tx_power_item_key": "",
    "notes": "Status Operacional da Porta XGigabitEthernet0/0/15 -"
  }
},
{
  "model": "zabbix_api.port",
  "pk": 942,
  "fields": {
    "device": 29,
    "name": "XGigabitEthernet0/0/16",
    "zabbix_item_key": "ifOperStatus[XGigabitEthernet0/0/16]",
    "zabbix_item_id_trafego_in": "84454",
    "zabbix_item_id_trafego_out": "84482",
    "zabbix_interfaceid": "37",
    "zabbix_itemid": "84566",
    "rx_power_item_key": "",
    "tx_power_item_key": "",
    "notes": "Status Operacional da Porta XGigabitEthernet0/0/16 -"
  }
},
{
  "model": "zabbix_api.port",
  "pk": 943,
  "fields": {
    "device": 29,
    "name": "XGigabitEthernet0/0/17",
    "zabbix_item_key": "ifOperStatus[XGigabitEthernet0/0/17]",
    "zabbix_item_id_trafego_in": "84455",
    "zabbix_item_id_trafego_out": "84483",
    "zabbix_interfaceid": "37",
    "zabbix_itemid": "84567",
    "rx_power_item_key": "",
    "tx_power_item_key": "",
    "notes": "Status Operacional da Porta XGigabitEthernet0/0/17 -"
  }
},
{
  "model": "zabbix_api.port",
  "pk": 944,
  "fields": {
    "device": 29,
    "name": "XGigabitEthernet0/0/18",
    "zabbix_item_key": "ifOperStatus[XGigabitEthernet0/0/18]",
    "zabbix_item_id_trafego_in": "84456",
    "zabbix_item_id_trafego_out": "84484",
    "zabbix_interfaceid": "37",
    "zabbix_itemid": "84568",
    "rx_power_item_key": "",
    "tx_power_item_key": "",
    "notes": "Status Operacional da Porta XGigabitEthernet0/0/18 -"
  }
},
{
  "model": "zabbix_api.port",
  "pk": 945,
  "fields": {
    "device": 29,
    "name": "XGigabitEthernet0/0/19",
    "zabbix_item_key": "ifOperStatus[XGigabitEthernet0/0/19]",
    "zabbix_item_id_trafego_in": "84457",
    "zabbix_item_id_trafego_out": "84485",
    "zabbix_interfaceid": "37",
    "zabbix_itemid": "84569",
    "rx_power_item_key": "",
    "tx_power_item_key": "",
    "notes": "Status Operacional da Porta XGigabitEthernet0/0/19 -"
  }
},
{
  "model": "zabbix_api.port",
  "pk": 946,
  "fields": {
    "device": 29,
    "name": "XGigabitEthernet0/0/20",
    "zabbix_item_key": "ifOperStatus[XGigabitEthernet0/0/20]",
    "zabbix_item_id_trafego_in": "84458",
    "zabbix_item_id_trafego_out": "84486",
    "zabbix_interfaceid": "37",
    "zabbix_itemid": "84570",
    "rx_power_item_key": "",
    "tx_power_item_key": "",
    "notes": "Status Operacional da Porta XGigabitEthernet0/0/20 -"
  }
},
{
  "model": "zabbix_api.port",
  "pk": 947,
  "fields": {
    "device": 29,
    "name": "XGigabitEthernet0/0/21",
    "zabbix_item_key": "ifOperStatus[XGigabitEthernet0/0/21]",
    "zabbix_item_id_trafego_in": "84459",
    "zabbix_item_id_trafego_out": "84487",
    "zabbix_interfaceid": "37",
    "zabbix_itemid": "84571",
    "rx_power_item_key": "",
    "tx_power_item_key": "",
    "notes": "Status Operacional da Porta XGigabitEthernet0/0/21 -"
  }
},
{
  "model": "zabbix_api.port",
  "pk": 948,
  "fields": {
    "device": 29,
    "name": "XGigabitEthernet0/0/22",
    "zabbix_item_key": "ifOperStatus[XGigabitEthernet0/0/22]",
    "zabbix_item_id_trafego_in": "84460",
    "zabbix_item_id_trafego_out": "84488",
    "zabbix_interfaceid": "37",
    "zabbix_itemid": "84572",
    "rx_power_item_key": "",
    "tx_power_item_key": "",
    "notes": "Status Operacional da Porta XGigabitEthernet0/0/22 -"
  }
},
{
  "model": "zabbix_api.port",
  "pk": 949,
  "fields": {
    "device": 29,
    "name": "XGigabitEthernet0/0/23",
    "zabbix_item_key": "ifOperStatus[XGigabitEthernet0/0/23]",
    "zabbix_item_id_trafego_in": "84461",
    "zabbix_item_id_trafego_out": "84489",
    "zabbix_interfaceid": "37",
    "zabbix_itemid": "84573",
    "rx_power_item_key": "",
    "tx_power_item_key": "",
    "notes": "Status Operacional da Porta XGigabitEthernet0/0/23 -"
  }
},
{
  "model": "zabbix_api.port",
  "pk": 950,
  "fields": {
    "device": 29,
    "name": "XGigabitEthernet0/0/24",
    "zabbix_item_key": "ifOperStatus[XGigabitEthernet0/0/24]",
    "zabbix_item_id_trafego_in": "84462",
    "zabbix_item_id_trafego_out": "84490",
    "zabbix_interfaceid": "37",
    "zabbix_itemid": "84574",
    "rx_power_item_key": "",
    "tx_power_item_key": "",
    "notes": "Status Operacional da Porta XGigabitEthernet0/0/24 -"
  }
},
{
  "model": "zabbix_api.port",
  "pk": 951,
  "fields": {
    "device": 29,
    "name": "40GE0/0/1",
    "zabbix_item_key": "ifOperStatus[40GE0/0/1]",
    "zabbix_item_id_trafego_in": "84463",
    "zabbix_item_id_trafego_out": "84491",
    "zabbix_interfaceid": "37",
    "zabbix_itemid": "84575",
    "rx_power_item_key": "",
    "tx_power_item_key": "",
    "notes": "Status Operacional da Porta 40GE0/0/1 -"
  }
},
{
  "model": "zabbix_api.port",
  "pk": 952,
  "fields": {
    "device": 29,
    "name": "40GE0/0/2",
    "zabbix_item_key": "ifOperStatus[40GE0/0/2]",
    "zabbix_item_id_trafego_in": "84464",
    "zabbix_item_id_trafego_out": "84492",
    "zabbix_interfaceid": "37",
    "zabbix_itemid": "84576",
    "rx_power_item_key": "",
    "tx_power_item_key": "",
    "notes": "Status Operacional da Porta 40GE0/0/2 -"
  }
},
{
  "model": "zabbix_api.port",
  "pk": 953,
  "fields": {
    "device": 29,
    "name": "40GE0/0/3",
    "zabbix_item_key": "ifOperStatus[40GE0/0/3]",
    "zabbix_item_id_trafego_in": "84465",
    "zabbix_item_id_trafego_out": "84493",
    "zabbix_interfaceid": "37",
    "zabbix_itemid": "84577",
    "rx_power_item_key": "",
    "tx_power_item_key": "",
    "notes": "Status Operacional da Porta 40GE0/0/3 -"
  }
},
{
  "model": "zabbix_api.port",
  "pk": 954,
  "fields": {
    "device": 29,
    "name": "40GE0/0/4",
    "zabbix_item_key": "ifOperStatus[40GE0/0/4]",
    "zabbix_item_id_trafego_in": "84466",
    "zabbix_item_id_trafego_out": "84494",
    "zabbix_interfaceid": "37",
    "zabbix_itemid": "84578",
    "rx_power_item_key": "",
    "tx_power_item_key": "",
    "notes": "Status Operacional da Porta 40GE0/0/4 -"
  }
},
{
  "model": "zabbix_api.port",
  "pk": 955,
  "fields": {
    "device": 29,
    "name": "40GE0/0/5",
    "zabbix_item_key": "ifOperStatus[40GE0/0/5]",
    "zabbix_item_id_trafego_in": "84467",
    "zabbix_item_id_trafego_out": "84495",
    "zabbix_interfaceid": "37",
    "zabbix_itemid": "84579",
    "rx_power_item_key": "",
    "tx_power_item_key": "",
    "notes": "Status Operacional da Porta 40GE0/0/5 -"
  }
},
{
  "model": "zabbix_api.port",
  "pk": 956,
  "fields": {
    "device": 29,
    "name": "40GE0/0/6",
    "zabbix_item_key": "ifOperStatus[40GE0/0/6]",
    "zabbix_item_id_trafego_in": "84468",
    "zabbix_item_id_trafego_out": "84496",
    "zabbix_interfaceid": "37",
    "zabbix_itemid": "84580",
    "rx_power_item_key": "",
    "tx_power_item_key": "",
    "notes": "Status Operacional da Porta 40GE0/0/6 -"
  }
},
{
  "model": "zabbix_api.port",
  "pk": 957,
  "fields": {
    "device": 30,
    "name": "Vlanif126",
    "zabbix_item_key": "ifOperStatusLog[Vlanif126]",
    "zabbix_item_id_trafego_in": "212555",
    "zabbix_item_id_trafego_out": "212556",
    "zabbix_interfaceid": "33",
    "zabbix_itemid": "212557",
    "rx_power_item_key": "",
    "tx_power_item_key": "",
    "notes": "Status Operacional da Interface Vlanif126 -"
  }
},
{
  "model": "zabbix_api.port",
  "pk": 958,
  "fields": {
    "device": 30,
    "name": "MEth0/0/1",
    "zabbix_item_key": "ifOperStatus[MEth0/0/1]",
    "zabbix_item_id_trafego_in": "87910",
    "zabbix_item_id_trafego_out": "87934",
    "zabbix_interfaceid": "33",
    "zabbix_itemid": "88006",
    "rx_power_item_key": "",
    "tx_power_item_key": "",
    "notes": "Status Operacional da Porta MEth0/0/1 -"
  }
},
{
  "model": "zabbix_api.port",
  "pk": 959,
  "fields": {
    "device": 30,
    "name": "XGigabitEthernet0/0/8",
    "zabbix_item_key": "ifOperStatus[XGigabitEthernet0/0/8]",
    "zabbix_item_id_trafego_in": "87911",
    "zabbix_item_id_trafego_out": "87935",
    "zabbix_interfaceid": "33",
    "zabbix_itemid": "88007",
    "rx_power_item_key": "",
    "tx_power_item_key": "",
    "notes": "Status Operacional da Porta XGigabitEthernet0/0/8 -"
  }
},
{
  "model": "zabbix_api.port",
  "pk": 960,
  "fields": {
    "device": 30,
    "name": "XGigabitEthernet0/0/9",
    "zabbix_item_key": "ifOperStatus[XGigabitEthernet0/0/9]",
    "zabbix_item_id_trafego_in": "87912",
    "zabbix_item_id_trafego_out": "87936",
    "zabbix_interfaceid": "33",
    "zabbix_itemid": "88008",
    "rx_power_item_key": "",
    "tx_power_item_key": "",
    "notes": "Status Operacional da Porta XGigabitEthernet0/0/9 -"
  }
},
{
  "model": "zabbix_api.port",
  "pk": 961,
  "fields": {
    "device": 30,
    "name": "XGigabitEthernet0/0/10",
    "zabbix_item_key": "ifOperStatus[XGigabitEthernet0/0/10]",
    "zabbix_item_id_trafego_in": "87913",
    "zabbix_item_id_trafego_out": "87937",
    "zabbix_interfaceid": "33",
    "zabbix_itemid": "88009",
    "rx_power_item_key": "",
    "tx_power_item_key": "",
    "notes": "Status Operacional da Porta XGigabitEthernet0/0/10 -"
  }
},
{
  "model": "zabbix_api.port",
  "pk": 962,
  "fields": {
    "device": 30,
    "name": "XGigabitEthernet0/0/11",
    "zabbix_item_key": "ifOperStatus[XGigabitEthernet0/0/11]",
    "zabbix_item_id_trafego_in": "87914",
    "zabbix_item_id_trafego_out": "87938",
    "zabbix_interfaceid": "33",
    "zabbix_itemid": "88010",
    "rx_power_item_key": "",
    "tx_power_item_key": "",
    "notes": "Status Operacional da Porta XGigabitEthernet0/0/11 -"
  }
},
{
  "model": "zabbix_api.port",
  "pk": 963,
  "fields": {
    "device": 30,
    "name": "XGigabitEthernet0/0/12",
    "zabbix_item_key": "ifOperStatus[XGigabitEthernet0/0/12]",
    "zabbix_item_id_trafego_in": "87915",
    "zabbix_item_id_trafego_out": "87939",
    "zabbix_interfaceid": "33",
    "zabbix_itemid": "88011",
    "rx_power_item_key": "",
    "tx_power_item_key": "",
    "notes": "Status Operacional da Porta XGigabitEthernet0/0/12 -"
  }
},
{
  "model": "zabbix_api.port",
  "pk": 964,
  "fields": {
    "device": 30,
    "name": "XGigabitEthernet0/0/13",
    "zabbix_item_key": "ifOperStatus[XGigabitEthernet0/0/13]",
    "zabbix_item_id_trafego_in": "87916",
    "zabbix_item_id_trafego_out": "87940",
    "zabbix_interfaceid": "33",
    "zabbix_itemid": "88012",
    "rx_power_item_key": "",
    "tx_power_item_key": "",
    "notes": "Status Operacional da Porta XGigabitEthernet0/0/13 -"
  }
},
{
  "model": "zabbix_api.port",
  "pk": 965,
  "fields": {
    "device": 30,
    "name": "XGigabitEthernet0/0/14",
    "zabbix_item_key": "ifOperStatus[XGigabitEthernet0/0/14]",
    "zabbix_item_id_trafego_in": "87917",
    "zabbix_item_id_trafego_out": "87941",
    "zabbix_interfaceid": "33",
    "zabbix_itemid": "88013",
    "rx_power_item_key": "",
    "tx_power_item_key": "",
    "notes": "Status Operacional da Porta XGigabitEthernet0/0/14 -"
  }
},
{
  "model": "zabbix_api.port",
  "pk": 966,
  "fields": {
    "device": 30,
    "name": "XGigabitEthernet0/0/15",
    "zabbix_item_key": "ifOperStatus[XGigabitEthernet0/0/15]",
    "zabbix_item_id_trafego_in": "87918",
    "zabbix_item_id_trafego_out": "87942",
    "zabbix_interfaceid": "33",
    "zabbix_itemid": "88014",
    "rx_power_item_key": "",
    "tx_power_item_key": "",
    "notes": "Status Operacional da Porta XGigabitEthernet0/0/15 -"
  }
},
{
  "model": "zabbix_api.port",
  "pk": 967,
  "fields": {
    "device": 30,
    "name": "XGigabitEthernet0/0/16",
    "zabbix_item_key": "ifOperStatus[XGigabitEthernet0/0/16]",
    "zabbix_item_id_trafego_in": "87919",
    "zabbix_item_id_trafego_out": "87943",
    "zabbix_interfaceid": "33",
    "zabbix_itemid": "88015",
    "rx_power_item_key": "",
    "tx_power_item_key": "",
    "notes": "Status Operacional da Porta XGigabitEthernet0/0/16 -"
  }
},
{
  "model": "zabbix_api.port",
  "pk": 968,
  "fields": {
    "device": 30,
    "name": "XGigabitEthernet0/0/17",
    "zabbix_item_key": "ifOperStatus[XGigabitEthernet0/0/17]",
    "zabbix_item_id_trafego_in": "87920",
    "zabbix_item_id_trafego_out": "87944",
    "zabbix_interfaceid": "33",
    "zabbix_itemid": "88016",
    "rx_power_item_key": "",
    "tx_power_item_key": "",
    "notes": "Status Operacional da Porta XGigabitEthernet0/0/17 -"
  }
},
{
  "model": "zabbix_api.port",
  "pk": 969,
  "fields": {
    "device": 30,
    "name": "XGigabitEthernet0/0/18",
    "zabbix_item_key": "ifOperStatus[XGigabitEthernet0/0/18]",
    "zabbix_item_id_trafego_in": "87921",
    "zabbix_item_id_trafego_out": "87945",
    "zabbix_interfaceid": "33",
    "zabbix_itemid": "88017",
    "rx_power_item_key": "",
    "tx_power_item_key": "",
    "notes": "Status Operacional da Porta XGigabitEthernet0/0/18 -"
  }
},
{
  "model": "zabbix_api.port",
  "pk": 970,
  "fields": {
    "device": 30,
    "name": "XGigabitEthernet0/0/19",
    "zabbix_item_key": "ifOperStatus[XGigabitEthernet0/0/19]",
    "zabbix_item_id_trafego_in": "87922",
    "zabbix_item_id_trafego_out": "87946",
    "zabbix_interfaceid": "33",
    "zabbix_itemid": "88018",
    "rx_power_item_key": "",
    "tx_power_item_key": "",
    "notes": "Status Operacional da Porta XGigabitEthernet0/0/19 -"
  }
},
{
  "model": "zabbix_api.port",
  "pk": 971,
  "fields": {
    "device": 30,
    "name": "XGigabitEthernet0/0/20",
    "zabbix_item_key": "ifOperStatus[XGigabitEthernet0/0/20]",
    "zabbix_item_id_trafego_in": "87923",
    "zabbix_item_id_trafego_out": "87947",
    "zabbix_interfaceid": "33",
    "zabbix_itemid": "88019",
    "rx_power_item_key": "",
    "tx_power_item_key": "",
    "notes": "Status Operacional da Porta XGigabitEthernet0/0/20 -"
  }
},
{
  "model": "zabbix_api.port",
  "pk": 972,
  "fields": {
    "device": 30,
    "name": "XGigabitEthernet0/0/21",
    "zabbix_item_key": "ifOperStatus[XGigabitEthernet0/0/21]",
    "zabbix_item_id_trafego_in": "87924",
    "zabbix_item_id_trafego_out": "87948",
    "zabbix_interfaceid": "33",
    "zabbix_itemid": "88020",
    "rx_power_item_key": "",
    "tx_power_item_key": "",
    "notes": "Status Operacional da Porta XGigabitEthernet0/0/21 -"
  }
},
{
  "model": "zabbix_api.port",
  "pk": 973,
  "fields": {
    "device": 30,
    "name": "XGigabitEthernet0/0/22",
    "zabbix_item_key": "ifOperStatus[XGigabitEthernet0/0/22]",
    "zabbix_item_id_trafego_in": "87925",
    "zabbix_item_id_trafego_out": "87949",
    "zabbix_interfaceid": "33",
    "zabbix_itemid": "88021",
    "rx_power_item_key": "",
    "tx_power_item_key": "",
    "notes": "Status Operacional da Porta XGigabitEthernet0/0/22 -"
  }
},
{
  "model": "zabbix_api.port",
  "pk": 974,
  "fields": {
    "device": 30,
    "name": "XGigabitEthernet0/0/23",
    "zabbix_item_key": "ifOperStatus[XGigabitEthernet0/0/23]",
    "zabbix_item_id_trafego_in": "87926",
    "zabbix_item_id_trafego_out": "87950",
    "zabbix_interfaceid": "33",
    "zabbix_itemid": "88022",
    "rx_power_item_key": "",
    "tx_power_item_key": "",
    "notes": "Status Operacional da Porta XGigabitEthernet0/0/23 -"
  }
},
{
  "model": "zabbix_api.port",
  "pk": 975,
  "fields": {
    "device": 30,
    "name": "XGigabitEthernet0/0/24",
    "zabbix_item_key": "ifOperStatus[XGigabitEthernet0/0/24]",
    "zabbix_item_id_trafego_in": "87927",
    "zabbix_item_id_trafego_out": "87951",
    "zabbix_interfaceid": "33",
    "zabbix_itemid": "88023",
    "rx_power_item_key": "",
    "tx_power_item_key": "",
    "notes": "Status Operacional da Porta XGigabitEthernet0/0/24 -"
  }
},
{
  "model": "zabbix_api.port",
  "pk": 976,
  "fields": {
    "device": 30,
    "name": "40GE0/0/1",
    "zabbix_item_key": "ifOperStatus[40GE0/0/1]",
    "zabbix_item_id_trafego_in": "87928",
    "zabbix_item_id_trafego_out": "87952",
    "zabbix_interfaceid": "33",
    "zabbix_itemid": "88024",
    "rx_power_item_key": "",
    "tx_power_item_key": "",
    "notes": "Status Operacional da Porta 40GE0/0/1 -"
  }
},
{
  "model": "zabbix_api.port",
  "pk": 977,
  "fields": {
    "device": 30,
    "name": "40GE0/0/2",
    "zabbix_item_key": "ifOperStatus[40GE0/0/2]",
    "zabbix_item_id_trafego_in": "87929",
    "zabbix_item_id_trafego_out": "87953",
    "zabbix_interfaceid": "33",
    "zabbix_itemid": "88025",
    "rx_power_item_key": "",
    "tx_power_item_key": "",
    "notes": "Status Operacional da Porta 40GE0/0/2 -"
  }
},
{
  "model": "zabbix_api.port",
  "pk": 978,
  "fields": {
    "device": 30,
    "name": "40GE0/0/3",
    "zabbix_item_key": "ifOperStatus[40GE0/0/3]",
    "zabbix_item_id_trafego_in": "87930",
    "zabbix_item_id_trafego_out": "87954",
    "zabbix_interfaceid": "33",
    "zabbix_itemid": "88026",
    "rx_power_item_key": "",
    "tx_power_item_key": "",
    "notes": "Status Operacional da Porta 40GE0/0/3 -"
  }
},
{
  "model": "zabbix_api.port",
  "pk": 979,
  "fields": {
    "device": 30,
    "name": "40GE0/0/4",
    "zabbix_item_key": "ifOperStatus[40GE0/0/4]",
    "zabbix_item_id_trafego_in": "87931",
    "zabbix_item_id_trafego_out": "87955",
    "zabbix_interfaceid": "33",
    "zabbix_itemid": "88027",
    "rx_power_item_key": "",
    "tx_power_item_key": "",
    "notes": "Status Operacional da Porta 40GE0/0/4 -"
  }
},
{
  "model": "zabbix_api.port",
  "pk": 980,
  "fields": {
    "device": 30,
    "name": "40GE0/0/5",
    "zabbix_item_key": "ifOperStatus[40GE0/0/5]",
    "zabbix_item_id_trafego_in": "87932",
    "zabbix_item_id_trafego_out": "87956",
    "zabbix_interfaceid": "33",
    "zabbix_itemid": "88028",
    "rx_power_item_key": "",
    "tx_power_item_key": "",
    "notes": "Status Operacional da Porta 40GE0/0/5 -"
  }
},
{
  "model": "zabbix_api.port",
  "pk": 981,
  "fields": {
    "device": 30,
    "name": "40GE0/0/6",
    "zabbix_item_key": "ifOperStatus[40GE0/0/6]",
    "zabbix_item_id_trafego_in": "87933",
    "zabbix_item_id_trafego_out": "87957",
    "zabbix_interfaceid": "33",
    "zabbix_itemid": "88029",
    "rx_power_item_key": "",
    "tx_power_item_key": "",
    "notes": "Status Operacional da Porta 40GE0/0/6 -"
  }
},
{
  "model": "zabbix_api.port",
  "pk": 982,
  "fields": {
    "device": 30,
    "name": "XGigabitEthernet0/0/2",
    "zabbix_item_key": "ifOperStatus[XGigabitEthernet0/0/2]",
    "zabbix_item_id_trafego_in": "76454",
    "zabbix_item_id_trafego_out": "76461",
    "zabbix_interfaceid": "33",
    "zabbix_itemid": "76482",
    "rx_power_item_key": "hwEntityOpticalLaneRxPower[67469454]",
    "tx_power_item_key": "hwEntityOpticalLaneTxPower[67469454]",
    "notes": "Status Operacional da Porta XGigabitEthernet0/0/2 - OLT"
  }
},
{
  "model": "zabbix_api.port",
  "pk": 983,
  "fields": {
    "device": 30,
    "name": "XGigabitEthernet0/0/3",
    "zabbix_item_key": "ifOperStatus[XGigabitEthernet0/0/3]",
    "zabbix_item_id_trafego_in": "76455",
    "zabbix_item_id_trafego_out": "76462",
    "zabbix_interfaceid": "33",
    "zabbix_itemid": "76483",
    "rx_power_item_key": "hwEntityOpticalLaneRxPower[67469518]",
    "tx_power_item_key": "hwEntityOpticalLaneTxPower[67469518]",
    "notes": "Status Operacional da Porta XGigabitEthernet0/0/3 - to-mandi-backup"
  }
},
{
  "model": "zabbix_api.port",
  "pk": 984,
  "fields": {
    "device": 30,
    "name": "XGigabitEthernet0/0/4",
    "zabbix_item_key": "ifOperStatus[XGigabitEthernet0/0/4]",
    "zabbix_item_id_trafego_in": "76456",
    "zabbix_item_id_trafego_out": "76463",
    "zabbix_interfaceid": "33",
    "zabbix_itemid": "76484",
    "rx_power_item_key": "hwEntityOpticalLaneRxPower[67469582]",
    "tx_power_item_key": "hwEntityOpticalLaneTxPower[67469582]",
    "notes": "Status Operacional da Porta XGigabitEthernet0/0/4 - FARTURA"
  }
},
{
  "model": "zabbix_api.port",
  "pk": 985,
  "fields": {
    "device": 30,
    "name": "XGigabitEthernet0/0/5",
    "zabbix_item_key": "ifOperStatus[XGigabitEthernet0/0/5]",
    "zabbix_item_id_trafego_in": "76457",
    "zabbix_item_id_trafego_out": "76464",
    "zabbix_interfaceid": "33",
    "zabbix_itemid": "76485",
    "rx_power_item_key": "hwEntityOpticalLaneRxPower[67469646]",
    "tx_power_item_key": "hwEntityOpticalLaneTxPower[67469646]",
    "notes": "Status Operacional da Porta XGigabitEthernet0/0/5 - to_elagro"
  }
},
{
  "model": "zabbix_api.port",
  "pk": 986,
  "fields": {
    "device": 30,
    "name": "XGigabitEthernet0/0/6",
    "zabbix_item_key": "ifOperStatus[XGigabitEthernet0/0/6]",
    "zabbix_item_id_trafego_in": "76458",
    "zabbix_item_id_trafego_out": "76465",
    "zabbix_interfaceid": "33",
    "zabbix_itemid": "76486",
    "rx_power_item_key": "hwEntityOpticalLaneRxPower[67469710]",
    "tx_power_item_key": "hwEntityOpticalLaneTxPower[67469710]",
    "notes": "Status Operacional da Porta XGigabitEthernet0/0/6 - to-mandi"
  }
},
{
  "model": "zabbix_api.port",
  "pk": 987,
  "fields": {
    "device": 30,
    "name": "XGigabitEthernet0/0/7",
    "zabbix_item_key": "ifOperStatus[XGigabitEthernet0/0/7]",
    "zabbix_item_id_trafego_in": "76459",
    "zabbix_item_id_trafego_out": "76466",
    "zabbix_interfaceid": "33",
    "zabbix_itemid": "76487",
    "rx_power_item_key": "hwEntityOpticalLaneRxPower[67469774]",
    "tx_power_item_key": "hwEntityOpticalLaneTxPower[67469774]",
    "notes": "Status Operacional da Porta XGigabitEthernet0/0/7 - to-cristo-rei-01"
  }
},
{
  "model": "zabbix_api.port",
  "pk": 988,
  "fields": {
    "device": 30,
    "name": "Eth-Trunk1",
    "zabbix_item_key": "ifOperStatusLog[Eth-Trunk1]",
    "zabbix_item_id_trafego_in": "76298",
    "zabbix_item_id_trafego_out": "76311",
    "zabbix_interfaceid": "33",
    "zabbix_itemid": "76324",
    "rx_power_item_key": "",
    "tx_power_item_key": "",
    "notes": "Status Operacional da Interface Eth-Trunk1 - to-mandi"
  }
},
{
  "model": "zabbix_api.port",
  "pk": 989,
  "fields": {
    "device": 30,
    "name": "Vlanif3811",
    "zabbix_item_key": "ifOperStatusLog[Vlanif3811]",
    "zabbix_item_id_trafego_in": "76302",
    "zabbix_item_id_trafego_out": "76315",
    "zabbix_interfaceid": "33",
    "zabbix_itemid": "76328",
    "rx_power_item_key": "",
    "tx_power_item_key": "",
    "notes": "Status Operacional da Interface Vlanif3811 - to-cristo-rei-01"
  }
},
{
  "model": "zabbix_api.port",
  "pk": 990,
  "fields": {
    "device": 30,
    "name": "Vlanif301",
    "zabbix_item_key": "ifOperStatusLog[Vlanif301]",
    "zabbix_item_id_trafego_in": "76304",
    "zabbix_item_id_trafego_out": "76317",
    "zabbix_interfaceid": "33",
    "zabbix_itemid": "76330",
    "rx_power_item_key": "",
    "tx_power_item_key": "",
    "notes": "Status Operacional da Interface Vlanif301 -"
  }
},
{
  "model": "zabbix_api.port",
  "pk": 991,
  "fields": {
    "device": 30,
    "name": "Vlanif450",
    "zabbix_item_key": "ifOperStatusLog[Vlanif450]",
    "zabbix_item_id_trafego_in": "76305",
    "zabbix_item_id_trafego_out": "76318",
    "zabbix_interfaceid": "33",
    "zabbix_itemid": "76331",
    "rx_power_item_key": "",
    "tx_power_item_key": "",
    "notes": "Status Operacional da Interface Vlanif450 -"
  }
},
{
  "model": "zabbix_api.port",
  "pk": 992,
  "fields": {
    "device": 30,
    "name": "Vlanif405",
    "zabbix_item_key": "ifOperStatusLog[Vlanif405]",
    "zabbix_item_id_trafego_in": "76306",
    "zabbix_item_id_trafego_out": "76319",
    "zabbix_interfaceid": "33",
    "zabbix_itemid": "76332",
    "rx_power_item_key": "",
    "tx_power_item_key": "",
    "notes": "Status Operacional da Interface Vlanif405 -"
  }
},
{
  "model": "zabbix_api.port",
  "pk": 993,
  "fields": {
    "device": 30,
    "name": "Vlanif669",
    "zabbix_item_key": "ifOperStatusLog[Vlanif669]",
    "zabbix_item_id_trafego_in": "76307",
    "zabbix_item_id_trafego_out": "76320",
    "zabbix_interfaceid": "33",
    "zabbix_itemid": "76333",
    "rx_power_item_key": "",
    "tx_power_item_key": "",
    "notes": "Status Operacional da Interface Vlanif669 -"
  }
},
{
  "model": "zabbix_api.port",
  "pk": 994,
  "fields": {
    "device": 30,
    "name": "Vlanif999",
    "zabbix_item_key": "ifOperStatusLog[Vlanif999]",
    "zabbix_item_id_trafego_in": "76308",
    "zabbix_item_id_trafego_out": "76321",
    "zabbix_interfaceid": "33",
    "zabbix_itemid": "76334",
    "rx_power_item_key": "",
    "tx_power_item_key": "",
    "notes": "Status Operacional da Interface Vlanif999 -"
  }
},
{
  "model": "zabbix_api.port",
  "pk": 995,
  "fields": {
    "device": 30,
    "name": "Vlanif3000",
    "zabbix_item_key": "ifOperStatusLog[Vlanif3000]",
    "zabbix_item_id_trafego_in": "76309",
    "zabbix_item_id_trafego_out": "76322",
    "zabbix_interfaceid": "33",
    "zabbix_itemid": "76335",
    "rx_power_item_key": "",
    "tx_power_item_key": "",
    "notes": "Status Operacional da Interface Vlanif3000 -"
  }
},
{
  "model": "zabbix_api.port",
  "pk": 996,
  "fields": {
    "device": 30,
    "name": "Vlanif11",
    "zabbix_item_key": "ifOperStatusLog[Vlanif11]",
    "zabbix_item_id_trafego_in": "76297",
    "zabbix_item_id_trafego_out": "76310",
    "zabbix_interfaceid": "33",
    "zabbix_itemid": "76323",
    "rx_power_item_key": "",
    "tx_power_item_key": "",
    "notes": "Status Operacional da Interface Vlanif11 -"
  }
},
{
  "model": "zabbix_api.port",
  "pk": 997,
  "fields": {
    "device": 30,
    "name": "Vlanif3802",
    "zabbix_item_key": "ifOperStatusLog[Vlanif3802]",
    "zabbix_item_id_trafego_in": "76299",
    "zabbix_item_id_trafego_out": "76312",
    "zabbix_interfaceid": "33",
    "zabbix_itemid": "76325",
    "rx_power_item_key": "",
    "tx_power_item_key": "",
    "notes": "Status Operacional da Interface Vlanif3802 - TO::NOC"
  }
},
{
  "model": "zabbix_api.port",
  "pk": 998,
  "fields": {
    "device": 30,
    "name": "Vlanif3801",
    "zabbix_item_key": "ifOperStatusLog[Vlanif3801]",
    "zabbix_item_id_trafego_in": "76300",
    "zabbix_item_id_trafego_out": "76313",
    "zabbix_interfaceid": "33",
    "zabbix_itemid": "76326",
    "rx_power_item_key": "",
    "tx_power_item_key": "",
    "notes": "Status Operacional da Interface Vlanif3801 - TO::NOC"
  }
},
{
  "model": "zabbix_api.port",
  "pk": 999,
  "fields": {
    "device": 30,
    "name": "Vlanif3803",
    "zabbix_item_key": "ifOperStatusLog[Vlanif3803]",
    "zabbix_item_id_trafego_in": "76301",
    "zabbix_item_id_trafego_out": "76314",
    "zabbix_interfaceid": "33",
    "zabbix_itemid": "76327",
    "rx_power_item_key": "",
    "tx_power_item_key": "",
    "notes": "Status Operacional da Interface Vlanif3803 - TO::NOC"
  }
},
{
  "model": "zabbix_api.port",
  "pk": 1000,
  "fields": {
    "device": 30,
    "name": "XGigabitEthernet0/0/1",
    "zabbix_item_key": "ifOperStatus[XGigabitEthernet0/0/1]",
    "zabbix_item_id_trafego_in": "76453",
    "zabbix_item_id_trafego_out": "76460",
    "zabbix_interfaceid": "33",
    "zabbix_itemid": "76481",
    "rx_power_item_key": "hwEntityOpticalLaneRxPower[67469390]",
    "tx_power_item_key": "hwEntityOpticalLaneTxPower[67469390]",
    "notes": "Status Operacional da Porta XGigabitEthernet0/0/1 - SANTANA"
  }
},
{
  "model": "zabbix_api.port",
  "pk": 1001,
  "fields": {
    "device": 31,
    "name": "MEth0/0/1",
    "zabbix_item_key": "ifOperStatus[MEth0/0/1]",
    "zabbix_item_id_trafego_in": "88505",
    "zabbix_item_id_trafego_out": "88536",
    "zabbix_interfaceid": "68",
    "zabbix_itemid": "88629",
    "rx_power_item_key": "",
    "tx_power_item_key": "",
    "notes": "Status Operacional da Porta MEth0/0/1 -"
  }
},
{
  "model": "zabbix_api.port",
  "pk": 1002,
  "fields": {
    "device": 31,
    "name": "XGigabitEthernet0/0/1",
    "zabbix_item_key": "ifOperStatus[XGigabitEthernet0/0/1]",
    "zabbix_item_id_trafego_in": "88506",
    "zabbix_item_id_trafego_out": "88537",
    "zabbix_interfaceid": "68",
    "zabbix_itemid": "88630",
    "rx_power_item_key": "hwEntityOpticalLaneRxPower[67469390]",
    "tx_power_item_key": "hwEntityOpticalLaneTxPower[67469390]",
    "notes": "Status Operacional da Porta XGigabitEthernet0/0/1 - Enlace-Furacao"
  }
},
{
  "model": "zabbix_api.port",
  "pk": 1003,
  "fields": {
    "device": 31,
    "name": "XGigabitEthernet0/0/2",
    "zabbix_item_key": "ifOperStatus[XGigabitEthernet0/0/2]",
    "zabbix_item_id_trafego_in": "88507",
    "zabbix_item_id_trafego_out": "88538",
    "zabbix_interfaceid": "68",
    "zabbix_itemid": "88631",
    "rx_power_item_key": "hwEntityOpticalLaneRxPower[67469454]",
    "tx_power_item_key": "hwEntityOpticalLaneTxPower[67469454]",
    "notes": "Status Operacional da Porta XGigabitEthernet0/0/2 - Enlace-Vila-Rica"
  }
},
{
  "model": "zabbix_api.port",
  "pk": 1004,
  "fields": {
    "device": 31,
    "name": "XGigabitEthernet0/0/3",
    "zabbix_item_key": "ifOperStatus[XGigabitEthernet0/0/3]",
    "zabbix_item_id_trafego_in": "88508",
    "zabbix_item_id_trafego_out": "88539",
    "zabbix_interfaceid": "68",
    "zabbix_itemid": "88632",
    "rx_power_item_key": "hwEntityOpticalLaneRxPower[67469518]",
    "tx_power_item_key": "hwEntityOpticalLaneTxPower[67469518]",
    "notes": "Status Operacional da Porta XGigabitEthernet0/0/3 - sw-ubnt-elagro-2"
  }
},
{
  "model": "zabbix_api.port",
  "pk": 1005,
  "fields": {
    "device": 31,
    "name": "XGigabitEthernet0/0/4",
    "zabbix_item_key": "ifOperStatus[XGigabitEthernet0/0/4]",
    "zabbix_item_id_trafego_in": "88509",
    "zabbix_item_id_trafego_out": "88540",
    "zabbix_interfaceid": "68",
    "zabbix_itemid": "88633",
    "rx_power_item_key": "",
    "tx_power_item_key": "",
    "notes": "Status Operacional da Porta XGigabitEthernet0/0/4 - to-pop-santa-teresinha"
  }
},
{
  "model": "zabbix_api.port",
  "pk": 1006,
  "fields": {
    "device": 31,
    "name": "XGigabitEthernet0/0/5",
    "zabbix_item_key": "ifOperStatus[XGigabitEthernet0/0/5]",
    "zabbix_item_id_trafego_in": "88510",
    "zabbix_item_id_trafego_out": "88541",
    "zabbix_interfaceid": "68",
    "zabbix_itemid": "88634",
    "rx_power_item_key": "",
    "tx_power_item_key": "",
    "notes": "Status Operacional da Porta XGigabitEthernet0/0/5 -"
  }
},
{
  "model": "zabbix_api.port",
  "pk": 1007,
  "fields": {
    "device": 31,
    "name": "XGigabitEthernet0/0/6",
    "zabbix_item_key": "ifOperStatus[XGigabitEthernet0/0/6]",
    "zabbix_item_id_trafego_in": "88511",
    "zabbix_item_id_trafego_out": "88542",
    "zabbix_interfaceid": "68",
    "zabbix_itemid": "88635",
    "rx_power_item_key": "",
    "tx_power_item_key": "",
    "notes": "Status Operacional da Porta XGigabitEthernet0/0/6 -"
  }
},
{
  "model": "zabbix_api.port",
  "pk": 1008,
  "fields": {
    "device": 31,
    "name": "XGigabitEthernet0/0/7",
    "zabbix_item_key": "ifOperStatus[XGigabitEthernet0/0/7]",
    "zabbix_item_id_trafego_in": "88512",
    "zabbix_item_id_trafego_out": "88543",
    "zabbix_interfaceid": "68",
    "zabbix_itemid": "88636",
    "rx_power_item_key": "",
    "tx_power_item_key": "",
    "notes": "Status Operacional da Porta XGigabitEthernet0/0/7 -"
  }
},
{
  "model": "zabbix_api.port",
  "pk": 1009,
  "fields": {
    "device": 31,
    "name": "XGigabitEthernet0/0/8",
    "zabbix_item_key": "ifOperStatus[XGigabitEthernet0/0/8]",
    "zabbix_item_id_trafego_in": "88513",
    "zabbix_item_id_trafego_out": "88544",
    "zabbix_interfaceid": "68",
    "zabbix_itemid": "88637",
    "rx_power_item_key": "",
    "tx_power_item_key": "",
    "notes": "Status Operacional da Porta XGigabitEthernet0/0/8 -"
  }
},
{
  "model": "zabbix_api.port",
  "pk": 1010,
  "fields": {
    "device": 31,
    "name": "XGigabitEthernet0/0/9",
    "zabbix_item_key": "ifOperStatus[XGigabitEthernet0/0/9]",
    "zabbix_item_id_trafego_in": "88514",
    "zabbix_item_id_trafego_out": "88545",
    "zabbix_interfaceid": "68",
    "zabbix_itemid": "88638",
    "rx_power_item_key": "",
    "tx_power_item_key": "",
    "notes": "Status Operacional da Porta XGigabitEthernet0/0/9 -"
  }
},
{
  "model": "zabbix_api.port",
  "pk": 1011,
  "fields": {
    "device": 31,
    "name": "XGigabitEthernet0/0/10",
    "zabbix_item_key": "ifOperStatus[XGigabitEthernet0/0/10]",
    "zabbix_item_id_trafego_in": "88515",
    "zabbix_item_id_trafego_out": "88546",
    "zabbix_interfaceid": "68",
    "zabbix_itemid": "88639",
    "rx_power_item_key": "",
    "tx_power_item_key": "",
    "notes": "Status Operacional da Porta XGigabitEthernet0/0/10 -"
  }
},
{
  "model": "zabbix_api.port",
  "pk": 1012,
  "fields": {
    "device": 31,
    "name": "XGigabitEthernet0/0/11",
    "zabbix_item_key": "ifOperStatus[XGigabitEthernet0/0/11]",
    "zabbix_item_id_trafego_in": "88516",
    "zabbix_item_id_trafego_out": "88547",
    "zabbix_interfaceid": "68",
    "zabbix_itemid": "88640",
    "rx_power_item_key": "",
    "tx_power_item_key": "",
    "notes": "Status Operacional da Porta XGigabitEthernet0/0/11 -"
  }
},
{
  "model": "zabbix_api.port",
  "pk": 1013,
  "fields": {
    "device": 31,
    "name": "XGigabitEthernet0/0/12",
    "zabbix_item_key": "ifOperStatus[XGigabitEthernet0/0/12]",
    "zabbix_item_id_trafego_in": "88517",
    "zabbix_item_id_trafego_out": "88548",
    "zabbix_interfaceid": "68",
    "zabbix_itemid": "88641",
    "rx_power_item_key": "",
    "tx_power_item_key": "",
    "notes": "Status Operacional da Porta XGigabitEthernet0/0/12 -"
  }
},
{
  "model": "zabbix_api.port",
  "pk": 1014,
  "fields": {
    "device": 31,
    "name": "XGigabitEthernet0/0/13",
    "zabbix_item_key": "ifOperStatus[XGigabitEthernet0/0/13]",
    "zabbix_item_id_trafego_in": "88518",
    "zabbix_item_id_trafego_out": "88549",
    "zabbix_interfaceid": "68",
    "zabbix_itemid": "88642",
    "rx_power_item_key": "",
    "tx_power_item_key": "",
    "notes": "Status Operacional da Porta XGigabitEthernet0/0/13 -"
  }
},
{
  "model": "zabbix_api.port",
  "pk": 1015,
  "fields": {
    "device": 31,
    "name": "XGigabitEthernet0/0/14",
    "zabbix_item_key": "ifOperStatus[XGigabitEthernet0/0/14]",
    "zabbix_item_id_trafego_in": "88519",
    "zabbix_item_id_trafego_out": "88550",
    "zabbix_interfaceid": "68",
    "zabbix_itemid": "88643",
    "rx_power_item_key": "",
    "tx_power_item_key": "",
    "notes": "Status Operacional da Porta XGigabitEthernet0/0/14 -"
  }
},
{
  "model": "zabbix_api.port",
  "pk": 1016,
  "fields": {
    "device": 31,
    "name": "XGigabitEthernet0/0/15",
    "zabbix_item_key": "ifOperStatus[XGigabitEthernet0/0/15]",
    "zabbix_item_id_trafego_in": "88520",
    "zabbix_item_id_trafego_out": "88551",
    "zabbix_interfaceid": "68",
    "zabbix_itemid": "88644",
    "rx_power_item_key": "",
    "tx_power_item_key": "",
    "notes": "Status Operacional da Porta XGigabitEthernet0/0/15 -"
  }
},
{
  "model": "zabbix_api.port",
  "pk": 1017,
  "fields": {
    "device": 31,
    "name": "XGigabitEthernet0/0/16",
    "zabbix_item_key": "ifOperStatus[XGigabitEthernet0/0/16]",
    "zabbix_item_id_trafego_in": "88521",
    "zabbix_item_id_trafego_out": "88552",
    "zabbix_interfaceid": "68",
    "zabbix_itemid": "88645",
    "rx_power_item_key": "",
    "tx_power_item_key": "",
    "notes": "Status Operacional da Porta XGigabitEthernet0/0/16 -"
  }
},
{
  "model": "zabbix_api.port",
  "pk": 1018,
  "fields": {
    "device": 31,
    "name": "XGigabitEthernet0/0/17",
    "zabbix_item_key": "ifOperStatus[XGigabitEthernet0/0/17]",
    "zabbix_item_id_trafego_in": "88522",
    "zabbix_item_id_trafego_out": "88553",
    "zabbix_interfaceid": "68",
    "zabbix_itemid": "88646",
    "rx_power_item_key": "",
    "tx_power_item_key": "",
    "notes": "Status Operacional da Porta XGigabitEthernet0/0/17 -"
  }
},
{
  "model": "zabbix_api.port",
  "pk": 1019,
  "fields": {
    "device": 31,
    "name": "XGigabitEthernet0/0/18",
    "zabbix_item_key": "ifOperStatus[XGigabitEthernet0/0/18]",
    "zabbix_item_id_trafego_in": "88523",
    "zabbix_item_id_trafego_out": "88554",
    "zabbix_interfaceid": "68",
    "zabbix_itemid": "88647",
    "rx_power_item_key": "",
    "tx_power_item_key": "",
    "notes": "Status Operacional da Porta XGigabitEthernet0/0/18 -"
  }
},
{
  "model": "zabbix_api.port",
  "pk": 1020,
  "fields": {
    "device": 31,
    "name": "XGigabitEthernet0/0/19",
    "zabbix_item_key": "ifOperStatus[XGigabitEthernet0/0/19]",
    "zabbix_item_id_trafego_in": "88524",
    "zabbix_item_id_trafego_out": "88555",
    "zabbix_interfaceid": "68",
    "zabbix_itemid": "88648",
    "rx_power_item_key": "",
    "tx_power_item_key": "",
    "notes": "Status Operacional da Porta XGigabitEthernet0/0/19 -"
  }
},
{
  "model": "zabbix_api.port",
  "pk": 1021,
  "fields": {
    "device": 31,
    "name": "XGigabitEthernet0/0/20",
    "zabbix_item_key": "ifOperStatus[XGigabitEthernet0/0/20]",
    "zabbix_item_id_trafego_in": "88525",
    "zabbix_item_id_trafego_out": "88556",
    "zabbix_interfaceid": "68",
    "zabbix_itemid": "88649",
    "rx_power_item_key": "",
    "tx_power_item_key": "",
    "notes": "Status Operacional da Porta XGigabitEthernet0/0/20 -"
  }
},
{
  "model": "zabbix_api.port",
  "pk": 1022,
  "fields": {
    "device": 31,
    "name": "XGigabitEthernet0/0/21",
    "zabbix_item_key": "ifOperStatus[XGigabitEthernet0/0/21]",
    "zabbix_item_id_trafego_in": "88526",
    "zabbix_item_id_trafego_out": "88557",
    "zabbix_interfaceid": "68",
    "zabbix_itemid": "88650",
    "rx_power_item_key": "",
    "tx_power_item_key": "",
    "notes": "Status Operacional da Porta XGigabitEthernet0/0/21 -"
  }
},
{
  "model": "zabbix_api.port",
  "pk": 1023,
  "fields": {
    "device": 31,
    "name": "XGigabitEthernet0/0/22",
    "zabbix_item_key": "ifOperStatus[XGigabitEthernet0/0/22]",
    "zabbix_item_id_trafego_in": "88527",
    "zabbix_item_id_trafego_out": "88558",
    "zabbix_interfaceid": "68",
    "zabbix_itemid": "88651",
    "rx_power_item_key": "",
    "tx_power_item_key": "",
    "notes": "Status Operacional da Porta XGigabitEthernet0/0/22 -"
  }
},
{
  "model": "zabbix_api.port",
  "pk": 1024,
  "fields": {
    "device": 31,
    "name": "XGigabitEthernet0/0/23",
    "zabbix_item_key": "ifOperStatus[XGigabitEthernet0/0/23]",
    "zabbix_item_id_trafego_in": "88528",
    "zabbix_item_id_trafego_out": "88559",
    "zabbix_interfaceid": "68",
    "zabbix_itemid": "88652",
    "rx_power_item_key": "",
    "tx_power_item_key": "",
    "notes": "Status Operacional da Porta XGigabitEthernet0/0/23 -"
  }
},
{
  "model": "zabbix_api.port",
  "pk": 1025,
  "fields": {
    "device": 31,
    "name": "XGigabitEthernet0/0/24",
    "zabbix_item_key": "ifOperStatus[XGigabitEthernet0/0/24]",
    "zabbix_item_id_trafego_in": "88529",
    "zabbix_item_id_trafego_out": "88560",
    "zabbix_interfaceid": "68",
    "zabbix_itemid": "88653",
    "rx_power_item_key": "",
    "tx_power_item_key": "",
    "notes": "Status Operacional da Porta XGigabitEthernet0/0/24 -"
  }
},
{
  "model": "zabbix_api.port",
  "pk": 1026,
  "fields": {
    "device": 31,
    "name": "40GE0/0/1",
    "zabbix_item_key": "ifOperStatus[40GE0/0/1]",
    "zabbix_item_id_trafego_in": "88530",
    "zabbix_item_id_trafego_out": "88561",
    "zabbix_interfaceid": "68",
    "zabbix_itemid": "88654",
    "rx_power_item_key": "",
    "tx_power_item_key": "",
    "notes": "Status Operacional da Porta 40GE0/0/1 -"
  }
},
{
  "model": "zabbix_api.port",
  "pk": 1027,
  "fields": {
    "device": 31,
    "name": "40GE0/0/2",
    "zabbix_item_key": "ifOperStatus[40GE0/0/2]",
    "zabbix_item_id_trafego_in": "88531",
    "zabbix_item_id_trafego_out": "88562",
    "zabbix_interfaceid": "68",
    "zabbix_itemid": "88655",
    "rx_power_item_key": "",
    "tx_power_item_key": "",
    "notes": "Status Operacional da Porta 40GE0/0/2 -"
  }
},
{
  "model": "zabbix_api.port",
  "pk": 1028,
  "fields": {
    "device": 31,
    "name": "40GE0/0/3",
    "zabbix_item_key": "ifOperStatus[40GE0/0/3]",
    "zabbix_item_id_trafego_in": "88532",
    "zabbix_item_id_trafego_out": "88563",
    "zabbix_interfaceid": "68",
    "zabbix_itemid": "88656",
    "rx_power_item_key": "",
    "tx_power_item_key": "",
    "notes": "Status Operacional da Porta 40GE0/0/3 -"
  }
},
{
  "model": "zabbix_api.port",
  "pk": 1029,
  "fields": {
    "device": 31,
    "name": "40GE0/0/4",
    "zabbix_item_key": "ifOperStatus[40GE0/0/4]",
    "zabbix_item_id_trafego_in": "88533",
    "zabbix_item_id_trafego_out": "88564",
    "zabbix_interfaceid": "68",
    "zabbix_itemid": "88657",
    "rx_power_item_key": "",
    "tx_power_item_key": "",
    "notes": "Status Operacional da Porta 40GE0/0/4 -"
  }
},
{
  "model": "zabbix_api.port",
  "pk": 1030,
  "fields": {
    "device": 31,
    "name": "40GE0/0/5",
    "zabbix_item_key": "ifOperStatus[40GE0/0/5]",
    "zabbix_item_id_trafego_in": "88534",
    "zabbix_item_id_trafego_out": "88565",
    "zabbix_interfaceid": "68",
    "zabbix_itemid": "88658",
    "rx_power_item_key": "",
    "tx_power_item_key": "",
    "notes": "Status Operacional da Porta 40GE0/0/5 -"
  }
},
{
  "model": "zabbix_api.port",
  "pk": 1031,
  "fields": {
    "device": 31,
    "name": "40GE0/0/6",
    "zabbix_item_key": "ifOperStatus[40GE0/0/6]",
    "zabbix_item_id_trafego_in": "88535",
    "zabbix_item_id_trafego_out": "88566",
    "zabbix_interfaceid": "68",
    "zabbix_itemid": "88659",
    "rx_power_item_key": "",
    "tx_power_item_key": "",
    "notes": "Status Operacional da Porta 40GE0/0/6 -"
  }
},
{
  "model": "zabbix_api.port",
  "pk": 1032,
  "fields": {
    "device": 31,
    "name": "Vlanif11",
    "zabbix_item_key": "ifOperStatusLog[Vlanif11]",
    "zabbix_item_id_trafego_in": "88789",
    "zabbix_item_id_trafego_out": "88794",
    "zabbix_interfaceid": "68",
    "zabbix_itemid": "88799",
    "rx_power_item_key": "",
    "tx_power_item_key": "",
    "notes": "Status Operacional da Interface Vlanif11 - gerencia"
  }
},
{
  "model": "zabbix_api.port",
  "pk": 1033,
  "fields": {
    "device": 31,
    "name": "Vlanif3805",
    "zabbix_item_key": "ifOperStatusLog[Vlanif3805]",
    "zabbix_item_id_trafego_in": "88790",
    "zabbix_item_id_trafego_out": "88795",
    "zabbix_interfaceid": "68",
    "zabbix_itemid": "88800",
    "rx_power_item_key": "",
    "tx_power_item_key": "",
    "notes": "Status Operacional da Interface Vlanif3805 - TO::ST-VILA-RICA"
  }
},
{
  "model": "zabbix_api.port",
  "pk": 1034,
  "fields": {
    "device": 31,
    "name": "Vlanif3803",
    "zabbix_item_key": "ifOperStatusLog[Vlanif3803]",
    "zabbix_item_id_trafego_in": "88791",
    "zabbix_item_id_trafego_out": "88796",
    "zabbix_interfaceid": "68",
    "zabbix_itemid": "88801",
    "rx_power_item_key": "",
    "tx_power_item_key": "",
    "notes": "Status Operacional da Interface Vlanif3803 - TO::FURACAO"
  }
},
{
  "model": "zabbix_api.port",
  "pk": 1035,
  "fields": {
    "device": 31,
    "name": "Vlanif351",
    "zabbix_item_key": "ifOperStatusLog[Vlanif351]",
    "zabbix_item_id_trafego_in": "88792",
    "zabbix_item_id_trafego_out": "88797",
    "zabbix_interfaceid": "68",
    "zabbix_itemid": "88802",
    "rx_power_item_key": "",
    "tx_power_item_key": "",
    "notes": "Status Operacional da Interface Vlanif351 -"
  }
},
{
  "model": "zabbix_api.port",
  "pk": 1036,
  "fields": {
    "device": 31,
    "name": "Vlanif999",
    "zabbix_item_key": "ifOperStatusLog[Vlanif999]",
    "zabbix_item_id_trafego_in": "88793",
    "zabbix_item_id_trafego_out": "88798",
    "zabbix_interfaceid": "68",
    "zabbix_itemid": "88803",
    "rx_power_item_key": "",
    "tx_power_item_key": "",
    "notes": "Status Operacional da Interface Vlanif999 -"
  }
},
{
  "model": "zabbix_api.fibercable",
  "pk": 2,
  "fields": {
    "name": "Teste 02",
    "origin_port": 1002,
    "destination_port": 1002,
    "length_km": "2630.45",
    "path_coordinates": [
      {
        "lat": -8.701914633917896,
        "lng": -45.6173390625
      },
      {
        "lat": -13.337568552530156,
        "lng": -53.5274953125
      },
      {
        "lat": -15.571507283732377,
        "lng": -48.10024921875
      },
      {
        "lat": -12.137405212046744,
        "lng": -43.903471875
      },
      {
        "lat": -8.875631850371061,
        "lng": -42.40933125
      }
    ],
    "status": "up",
    "last_status_update": "2025-10-20T21:16:05.016Z",
    "notes": "single-port-monitoring"
  }
},
{
  "model": "zabbix_api.fibercable",
  "pk": 3,
  "fields": {
    "name": "VILA-VERANOPOLIS",
    "origin_port": 926,
    "destination_port": 1000,
    "length_km": null,
    "path_coordinates": [
      {
        "lat": -10.01837449611809,
        "lng": -51.12067149028201
      },
      {
        "lat": -10.02302192730794,
        "lng": -51.11953632349623
      },
      {
        "lat": -10.02335929694289,
        "lng": -51.12024659914067
      },
      {
        "lat": -10.02653768117317,
        "lng": -51.11946982443146
      },
      {
        "lat": -10.04590340377873,
        "lng": -51.11477837446109
      },
      {
        "lat": -10.06428780421535,
        "lng": -51.11047076465722
      },
      {
        "lat": -10.06512454821202,
        "lng": -51.11011732879614
      },
      {
        "lat": -10.06872221145715,
        "lng": -51.10598340010198
      },
      {
        "lat": -10.0693312382778,
        "lng": -51.10560165747136
      },
      {
        "lat": -10.07206565718065,
        "lng": -51.10505245220161
      },
      {
        "lat": -10.07763941957339,
        "lng": -51.10281814055984
      },
      {
        "lat": -10.08224904805406,
        "lng": -51.10069474313372
      },
      {
        "lat": -10.08345973249667,
        "lng": -51.10027537577362
      },
      {
        "lat": -10.08388826487528,
        "lng": -51.10019475567322
      },
      {
        "lat": -10.08512055696184,
        "lng": -51.10046034366746
      },
      {
        "lat": -10.08918497101815,
        "lng": -51.10122141329855
      },
      {
        "lat": -10.0926593842048,
        "lng": -51.10236069701295
      },
      {
        "lat": -10.09340990730517,
        "lng": -51.10236540514491
      },
      {
        "lat": -10.10260065081566,
        "lng": -51.10027085827304
      },
      {
        "lat": -10.10427821601428,
        "lng": -51.09998160802534
      },
      {
        "lat": -10.1052441972331,
        "lng": -51.09993477622673
      },
      {
        "lat": -10.10764626327157,
        "lng": -51.10000718997729
      },
      {
        "lat": -10.10849853275329,
        "lng": -51.09986703728972
      },
      {
        "lat": -10.10952418651993,
        "lng": -51.09967748831509
      },
      {
        "lat": -10.11064987884261,
        "lng": -51.09939667718175
      },
      {
        "lat": -10.12203561769888,
        "lng": -51.09667489307094
      },
      {
        "lat": -10.14178824443742,
        "lng": -51.09198302507645
      },
      {
        "lat": -10.16712311082354,
        "lng": -51.08562668820785
      },
      {
        "lat": -10.17995305490183,
        "lng": -51.08239067208562
      },
      {
        "lat": -10.18053715384466,
        "lng": -51.08262692860836
      },
      {
        "lat": -10.18179390286689,
        "lng": -51.08325341524063
      },
      {
        "lat": -10.18288057871736,
        "lng": -51.08417013952675
      },
      {
        "lat": -10.18364379180144,
        "lng": -51.08538328435203
      },
      {
        "lat": -10.18418415151479,
        "lng": -51.09299452817176
      },
      {
        "lat": -10.1913768069414,
        "lng": -51.10271308312749
      },
      {
        "lat": -10.21032096378476,
        "lng": -51.12678711351587
      },
      {
        "lat": -10.22924064644753,
        "lng": -51.1518004054349
      },
      {
        "lat": -10.24624065702652,
        "lng": -51.17408216181018
      },
      {
        "lat": -10.24771658731627,
        "lng": -51.17606309260216
      },
      {
        "lat": -10.24815365276167,
        "lng": -51.17804442667827
      },
      {
        "lat": -10.24916932822967,
        "lng": -51.18773733836339
      },
      {
        "lat": -10.25321605251272,
        "lng": -51.19340217584169
      },
      {
        "lat": -10.27058231804973,
        "lng": -51.21694556548704
      },
      {
        "lat": -10.28744539366953,
        "lng": -51.23997382318542
      },
      {
        "lat": -10.29290451842065,
        "lng": -51.24753637914903
      },
      {
        "lat": -10.29913114959803,
        "lng": -51.25062533540382
      },
      {
        "lat": -10.3054632137968,
        "lng": -51.25415816740314
      },
      {
        "lat": -10.31284931274688,
        "lng": -51.25783586401896
      },
      {
        "lat": -10.32664772370887,
        "lng": -51.26510125855414
      },
      {
        "lat": -10.3394593681022,
        "lng": -51.27203872328185
      },
      {
        "lat": -10.35673328435669,
        "lng": -51.28145994196013
      },
      {
        "lat": -10.35754068379062,
        "lng": -51.28220681173379
      },
      {
        "lat": -10.35911254008905,
        "lng": -51.28532583669521
      },
      {
        "lat": -10.36109114879816,
        "lng": -51.28891487268136
      },
      {
        "lat": -10.36202395752014,
        "lng": -51.29037270487891
      },
      {
        "lat": -10.36415902105477,
        "lng": -51.29211693434054
      },
      {
        "lat": -10.36841951075106,
        "lng": -51.29612620464236
      },
      {
        "lat": -10.37199564446438,
        "lng": -51.30216309688254
      },
      {
        "lat": -10.37339044274998,
        "lng": -51.30579953081824
      },
      {
        "lat": -10.37461039494024,
        "lng": -51.31378962848537
      },
      {
        "lat": -10.3737458414759,
        "lng": -51.31742849798975
      },
      {
        "lat": -10.37231980870938,
        "lng": -51.32162782693594
      },
      {
        "lat": -10.37182981330427,
        "lng": -51.32298363800314
      },
      {
        "lat": -10.37207745157083,
        "lng": -51.3296853272394
      },
      {
        "lat": -10.3778172126242,
        "lng": -51.33662903882605
      },
      {
        "lat": -10.37882658388144,
        "lng": -51.33912402340481
      },
      {
        "lat": -10.38074139756053,
        "lng": -51.34762139194511
      },
      {
        "lat": -10.38315784694031,
        "lng": -51.35187625648923
      },
      {
        "lat": -10.38835064131518,
        "lng": -51.35937836079389
      },
      {
        "lat": -10.39287776963817,
        "lng": -51.3651656999018
      },
      {
        "lat": -10.3959090310935,
        "lng": -51.36795356737296
      },
      {
        "lat": -10.39801163683792,
        "lng": -51.36962480360751
      },
      {
        "lat": -10.4004177772109,
        "lng": -51.37835094013666
      },
      {
        "lat": -10.40094238540164,
        "lng": -51.38023096937875
      },
      {
        "lat": -10.4003812004551,
        "lng": -51.38957113292398
      },
      {
        "lat": -10.39972584665096,
        "lng": -51.40171991075326
      },
      {
        "lat": -10.40015111242676,
        "lng": -51.40245989345621
      },
      {
        "lat": -10.40122250584512,
        "lng": -51.40356925622274
      },
      {
        "lat": -10.40584476414994,
        "lng": -51.40745104698946
      },
      {
        "lat": -10.41005434624496,
        "lng": -51.41146422829843
      },
      {
        "lat": -10.41194219386908,
        "lng": -51.41290302236082
      },
      {
        "lat": -10.41304304740758,
        "lng": -51.41455096383206
      },
      {
        "lat": -10.41495713384832,
        "lng": -51.41836238624177
      },
      {
        "lat": -10.41654779836847,
        "lng": -51.4197293018201
      },
      {
        "lat": -10.4252156631315,
        "lng": -51.42582408850356
      },
      {
        "lat": -10.43561659727754,
        "lng": -51.4330640355932
      },
      {
        "lat": -10.445032988847,
        "lng": -51.44011831696196
      },
      {
        "lat": -10.449808571567,
        "lng": -51.44461554792758
      },
      {
        "lat": -10.45399812680839,
        "lng": -51.44892446908948
      },
      {
        "lat": -10.45686624633997,
        "lng": -51.45123440810362
      },
      {
        "lat": -10.45796559607067,
        "lng": -51.4512027285777
      },
      {
        "lat": -10.45840746656485,
        "lng": -51.45117190800629
      }
    ],
    "status": "up",
    "last_status_update": "2025-10-20T21:51:29.987Z",
    "notes": ""
  }
},
{
  "model": "zabbix_api.fiberevent",
  "pk": 2,
  "fields": {
    "fiber": 2,
    "timestamp": "2025-10-20T21:16:05.029Z",
    "previous_status": "unknown",
    "new_status": "up",
    "detected_reason": "zabbix-oper-status:origin=item_key,dest=item_key"
  }
},
{
  "model": "zabbix_api.fiberevent",
  "pk": 3,
  "fields": {
    "fiber": 3,
    "timestamp": "2025-10-20T21:51:29.995Z",
    "previous_status": "unknown",
    "new_status": "up",
    "detected_reason": "zabbix-oper-status:origin=item_key,dest=item_key"
  }
}
]
